escenario,tipo,estado_municipio
ALTA,comun,CHIAPAS - CATAZAJA
ALTA,comun,CHIAPAS - TEOPISCA
ALTA,comun,CHIAPAS - TUZANTAN
ALTA,comun,COAHUILA - FRANCISCO I MADERO
ALTA,comun,HIDALGO - ZIMAPAN
ALTA,comun,MORELOS - TETELA DEL VOLCAN
ALTA,comun,OAXACA - SALINA CRUZ
ALTA,comun,OAXACA - SAN JACINTO AMILPAS
ALTA,comun,PUEBLA - FRANCISCO Z MENA
ALTA,comun,VERACRUZ - PEROTE
ALTA,solo_ine,CHIAPAS - BOCHIL
ALTA,solo_ine,CHIAPAS - CAPITAN LUIS ANGEL VIDAL
ALTA,solo_ine,NAYARIT - EL NAYAR
ALTA,solo_ine,OAXACA - AYOQUEZCO DE ALDAMA
ALTA,solo_ine,OAXACA - CIENEGA DE ZIMATLAN
ALTA,solo_ine,OAXACA - CONCEPCION PAPALO
ALTA,solo_ine,OAXACA - LA REFORMA
ALTA,solo_ine,OAXACA - MAGDALENA APASCO
ALTA,solo_ine,OAXACA - SAN ANDRES IXTLAHUACA
ALTA,solo_ine,OAXACA - SAN ANDRES ZAUTLA
ALTA,solo_ine,OAXACA - SAN CRISTOBAL AMATLAN
ALTA,solo_ine,OAXACA - SAN JERONIMO SOSOLA
ALTA,solo_ine,OAXACA - SAN LORENZO CACAOTEPEC
ALTA,solo_ine,OAXACA - SAN NICOLAS
ALTA,solo_ine,OAXACA - SANTA CATALINA QUIERI
ALTA,solo_ine,OAXACA - SANTA MARIA ATZOMPA
ALTA,solo_ine,OAXACA - SANTIAGO CHAZUMBA
ALTA,solo_ine,OAXACA - TANICHE
ALTA,solo_ine,OAXACA - VILLA TEJUPAM DE LA UNION
ALTA,solo_ine,PUEBLA - SAN ANTONIO CANADA
ALTA,solo_ine,PUEBLA - SANTIAGO MIAHUATLAN
ALTA,solo_ine,PUEBLA - TUZAMAPAN DE GALEANA
ALTA,solo_ine,SAN LUIS POTOSI - ZARAGOZA
ALTA,solo_ine,TABASCO - CUNDUACAN
ALTA,solo_ine,TABASCO - JALAPA
ALTA,solo_ine,TABASCO - JONUTA
ALTA,solo_ine,VERACRUZ - ALTO LUCERO DE GUTIERREZ BARRIOS
ALTA,solo_ine,VERACRUZ - ALTOTONGA
ALTA,solo_ine,VERACRUZ - COETZALA
ALTA,solo_ine,VERACRUZ - LERDO DE TEJADA
ALTA,solo_banavim,AGUASCALIENTES - AGUASCALIENTES
ALTA,solo_banavim,AGUASCALIENTES - ASIENTOS
ALTA,solo_banavim,AGUASCALIENTES - CALVILLO
ALTA,solo_banavim,AGUASCALIENTES - COSIO
ALTA,solo_banavim,AGUASCALIENTES - EL LLANO
ALTA,solo_banavim,AGUASCALIENTES - JESUS MARIA
ALTA,solo_banavim,AGUASCALIENTES - PABELLON DE ARTEAGA
ALTA,solo_banavim,AGUASCALIENTES - RINCON DE ROMOS
ALTA,solo_banavim,AGUASCALIENTES - SAN FRANCISCO DE LOS ROMO
ALTA,solo_banavim,AGUASCALIENTES - SAN JOSE DE GRACIA
ALTA,solo_banavim,BAJA CALIFORNIA - ENSENADA
ALTA,solo_banavim,BAJA CALIFORNIA - MEXICALI
ALTA,solo_banavim,BAJA CALIFORNIA - TIJUANA
ALTA,solo_banavim,BAJA CALIFORNIA SUR - LA PAZ
ALTA,solo_banavim,BAJA CALIFORNIA SUR - LOS CABOS
ALTA,solo_banavim,CAMPECHE - CIUDAD DEL CARMEN
ALTA,solo_banavim,CAMPECHE - SAN FRANCISCO DE CAMPECHE
ALTA,solo_banavim,CDMX - ALVARO OBREGON
ALTA,solo_banavim,CDMX - AZCAPOTZALCO
ALTA,solo_banavim,CDMX - BENITO JUAREZ
ALTA,solo_banavim,CDMX - COYOACAN
ALTA,solo_banavim,CDMX - CUAJIMALPA DE MORELOS
ALTA,solo_banavim,CDMX - CUAUHTEMOC
ALTA,solo_banavim,CDMX - GUSTAVO A MADERO
ALTA,solo_banavim,CDMX - IZTAPALAPA
ALTA,solo_banavim,CDMX - MIGUEL HIDALGO
ALTA,solo_banavim,CDMX - TLAHUAC
ALTA,solo_banavim,CDMX - TLALPAN
ALTA,solo_banavim,CDMX - VENUSTIANO CARRANZA
ALTA,solo_banavim,CHIAPAS - ACACOYAGUA
ALTA,solo_banavim,CHIAPAS - ACALA
ALTA,solo_banavim,CHIAPAS - ALDAMA
ALTA,solo_banavim,CHIAPAS - ALTAMIRANO
ALTA,solo_banavim,CHIAPAS - ARRIAGA
ALTA,solo_banavim,CHIAPAS - BERRIOZABAL
ALTA,solo_banavim,CHIAPAS - CACAHOATAN
ALTA,solo_banavim,CHIAPAS - CHALCHIHUITAN
ALTA,solo_banavim,CHIAPAS - CHENALHO
ALTA,solo_banavim,CHIAPAS - CHIAPA DE CORZO
ALTA,solo_banavim,CHIAPAS - CINTALAPA
ALTA,solo_banavim,CHIAPAS - COMITAN DE DOMINGUEZ
ALTA,solo_banavim,CHIAPAS - HUIXTLA
ALTA,solo_banavim,CHIAPAS - IXTACOMITAN
ALTA,solo_banavim,CHIAPAS - LARRAINZAR
ALTA,solo_banavim,CHIAPAS - LAS ROSAS
ALTA,solo_banavim,CHIAPAS - MITONTIC
ALTA,solo_banavim,CHIAPAS - MOTOZINTLA
ALTA,solo_banavim,CHIAPAS - OCOSINGO
ALTA,solo_banavim,CHIAPAS - OCOZOCOAUTLA DE ESPINOSA
ALTA,solo_banavim,CHIAPAS - OSUMACINTA
ALTA,solo_banavim,CHIAPAS - PICHUCALCO
ALTA,solo_banavim,CHIAPAS - REFORMA
ALTA,solo_banavim,CHIAPAS - SAN CRISTOBAL DE LAS CASAS
ALTA,solo_banavim,CHIAPAS - SAN FERNANDO
ALTA,solo_banavim,CHIAPAS - SIMOJOVEL
ALTA,solo_banavim,CHIAPAS - SOCOLTENANGO
ALTA,solo_banavim,CHIAPAS - SUCHIATE
ALTA,solo_banavim,CHIAPAS - TAPACHULA
ALTA,solo_banavim,CHIAPAS - TAPILULA
ALTA,solo_banavim,CHIAPAS - TECPATAN
ALTA,solo_banavim,CHIAPAS - TENEJAPA
ALTA,solo_banavim,CHIAPAS - TONALA
ALTA,solo_banavim,CHIAPAS - TUMBALA
ALTA,solo_banavim,CHIAPAS - TUXTLA GUTIERREZ
ALTA,solo_banavim,CHIAPAS - VENUSTIANO CARRANZA
ALTA,solo_banavim,CHIAPAS - VILLAFLORES
ALTA,solo_banavim,CHIAPAS - YAJALON
ALTA,solo_banavim,CHIAPAS - ZINACANTAN
ALTA,solo_banavim,CHIHUAHUA - CHIHUAHUA
ALTA,solo_banavim,CHIHUAHUA - GOMEZ FARIAS
ALTA,solo_banavim,CHIHUAHUA - GUACHOCHI
ALTA,solo_banavim,CHIHUAHUA - HIDALGO DEL PARRAL
ALTA,solo_banavim,CHIHUAHUA - JUAREZ
ALTA,solo_banavim,COAHUILA - ACUNA
ALTA,solo_banavim,COAHUILA - FRONTERA
ALTA,solo_banavim,COAHUILA - GENERAL CEPEDA
ALTA,solo_banavim,COAHUILA - MATAMOROS
ALTA,solo_banavim,COAHUILA - MONCLOVA
ALTA,solo_banavim,COAHUILA - PARRAS
ALTA,solo_banavim,COAHUILA - PIEDRAS NEGRAS
ALTA,solo_banavim,COAHUILA - SABINAS
ALTA,solo_banavim,COAHUILA - SALTILLO
ALTA,solo_banavim,COAHUILA - SAN JUAN DE SABINAS
ALTA,solo_banavim,COAHUILA - SAN PEDRO
ALTA,solo_banavim,COAHUILA - TORREON
ALTA,solo_banavim,COLIMA - CIUDAD DE ARMERIA
ALTA,solo_banavim,COLIMA - CIUDAD DE VILLA DE ALVAREZ
ALTA,solo_banavim,COLIMA - COLIMA
ALTA,solo_banavim,COLIMA - CUAUHTEMOC
ALTA,solo_banavim,COLIMA - MANZANILLO
ALTA,solo_banavim,COLIMA - MINATITLAN
ALTA,solo_banavim,COLIMA - TECOMAN
ALTA,solo_banavim,DURANGO - DURANGO
ALTA,solo_banavim,DURANGO - GOMEZ PALACIO
ALTA,solo_banavim,DURANGO - GUADALUPE VICTORIA
ALTA,solo_banavim,DURANGO - LERDO
ALTA,solo_banavim,DURANGO - PUEBLO NUEVO
ALTA,solo_banavim,GUANAJUATO - CELAYA
ALTA,solo_banavim,GUANAJUATO - GUANAJUATO
ALTA,solo_banavim,GUANAJUATO - LEON
ALTA,solo_banavim,GUERRERO - ACAPULCO DE JUAREZ
ALTA,solo_banavim,GUERRERO - BENITO JUAREZ
ALTA,solo_banavim,GUERRERO - CHILPANCINGO DE LOS BRAVO
ALTA,solo_banavim,GUERRERO - EDUARDO NERI
ALTA,solo_banavim,GUERRERO - MARQUELIA
ALTA,solo_banavim,GUERRERO - OMETEPEC
ALTA,solo_banavim,GUERRERO - PETATLAN
ALTA,solo_banavim,GUERRERO - PUNGARABATO
ALTA,solo_banavim,GUERRERO - TLAPA DE COMONFORT
ALTA,solo_banavim,GUERRERO - ZIHUATANEJO DE AZUETA
ALTA,solo_banavim,HIDALGO - ACTOPAN
ALTA,solo_banavim,HIDALGO - ALFAJAYUCAN
ALTA,solo_banavim,HIDALGO - APAN
ALTA,solo_banavim,HIDALGO - ATITALAQUIA
ALTA,solo_banavim,HIDALGO - ATOTONILCO DE TULA
ALTA,solo_banavim,HIDALGO - ATOTONILCO EL GRANDE
ALTA,solo_banavim,HIDALGO - EPAZOYUCAN
ALTA,solo_banavim,HIDALGO - HUEJUTLA DE REYES
ALTA,solo_banavim,HIDALGO - IXMIQUILPAN
ALTA,solo_banavim,HIDALGO - METZTITLAN
ALTA,solo_banavim,HIDALGO - MINERAL DE LA REFORMA
ALTA,solo_banavim,HIDALGO - MINERAL DEL CHICO
ALTA,solo_banavim,HIDALGO - MIXQUIAHUALA DE JUAREZ
ALTA,solo_banavim,HIDALGO - NOPALA DE VILLAGRAN
ALTA,solo_banavim,HIDALGO - PACHUCA DE SOTO
ALTA,solo_banavim,HIDALGO - SINGUILUCAN
ALTA,solo_banavim,HIDALGO - TECOZAUTLA
ALTA,solo_banavim,HIDALGO - TEPEAPULCO
ALTA,solo_banavim,HIDALGO - TEPEHUACAN DE GUERRERO
ALTA,solo_banavim,HIDALGO - TEPEJI DEL RIO DE OCAMPO
ALTA,solo_banavim,HIDALGO - TIZAYUCA
ALTA,solo_banavim,HIDALGO - TOLCAYUCA
ALTA,solo_banavim,HIDALGO - TULA DE ALLENDE
ALTA,solo_banavim,HIDALGO - TULANCINGO DE BRAVO
ALTA,solo_banavim,HIDALGO - ZACUALTIPAN DE ANGELES
ALTA,solo_banavim,JALISCO - AMECA
ALTA,solo_banavim,JALISCO - ARANDAS
ALTA,solo_banavim,JALISCO - ATOTONILCO EL ALTO
ALTA,solo_banavim,JALISCO - AUTLAN DE NAVARRO
ALTA,solo_banavim,JALISCO - COLOTLAN
ALTA,solo_banavim,JALISCO - CUQUIO
ALTA,solo_banavim,JALISCO - EL SALTO
ALTA,solo_banavim,JALISCO - ENCARNACION DE DIAZ
ALTA,solo_banavim,JALISCO - ETZATLAN
ALTA,solo_banavim,JALISCO - GUACHINANGO
ALTA,solo_banavim,JALISCO - GUADALAJARA
ALTA,solo_banavim,JALISCO - IXTLAHUACAN DE LOS MEMBRILLOS
ALTA,solo_banavim,JALISCO - IXTLAHUACAN DEL RIO
ALTA,solo_banavim,JALISCO - JUANACATLAN
ALTA,solo_banavim,JALISCO - LAGOS DE MORENO
ALTA,solo_banavim,JALISCO - MAGDALENA
ALTA,solo_banavim,JALISCO - OCOTLAN
ALTA,solo_banavim,JALISCO - OJUELOS DE JALISCO
ALTA,solo_banavim,JALISCO - PONCITLAN
ALTA,solo_banavim,JALISCO - PUERTO VALLARTA
ALTA,solo_banavim,JALISCO - SAN JUAN DE LOS LAGOS
ALTA,solo_banavim,JALISCO - SAN MARCOS
ALTA,solo_banavim,JALISCO - SAN PEDRO TLAQUEPAQUE
ALTA,solo_banavim,JALISCO - TAMAZULA DE GORDIANO
ALTA,solo_banavim,JALISCO - TEOCALTICHE
ALTA,solo_banavim,JALISCO - TEPATITLAN DE MORELOS
ALTA,solo_banavim,JALISCO - TEQUILA
ALTA,solo_banavim,JALISCO - TLAJOMULCO DE ZUNIGA
ALTA,solo_banavim,JALISCO - TONALA
ALTA,solo_banavim,JALISCO - TOTOTLAN
ALTA,solo_banavim,JALISCO - TUXCUECA
ALTA,solo_banavim,JALISCO - ZACOALCO DE TORRES
ALTA,solo_banavim,JALISCO - ZAPOPAN
ALTA,solo_banavim,JALISCO - ZAPOTITLAN DE VADILLO
ALTA,solo_banavim,JALISCO - ZAPOTLAN EL GRANDE
ALTA,solo_banavim,JALISCO - ZAPOTLANEJO
ALTA,solo_banavim,MEXICO - ALMOLOYA DE ALQUISIRAS
ALTA,solo_banavim,MEXICO - ALMOLOYA DE JUAREZ
ALTA,solo_banavim,MEXICO - AMECAMECA
ALTA,solo_banavim,MEXICO - ATIZAPAN DE ZARAGOZA
ALTA,solo_banavim,MEXICO - CHALCO
ALTA,solo_banavim,MEXICO - CHICOLOAPAN
ALTA,solo_banavim,MEXICO - CHIMALHUACAN
ALTA,solo_banavim,MEXICO - COACALCO DE BERRIOZABAL
ALTA,solo_banavim,MEXICO - COATEPEC HARINAS
ALTA,solo_banavim,MEXICO - CUAUTITLAN
ALTA,solo_banavim,MEXICO - CUAUTITLAN IZCALLI
ALTA,solo_banavim,MEXICO - ECATEPEC DE MORELOS
ALTA,solo_banavim,MEXICO - HUIXQUILUCAN
ALTA,solo_banavim,MEXICO - IXTAPALUCA
ALTA,solo_banavim,MEXICO - IXTAPAN DE LA SAL
ALTA,solo_banavim,MEXICO - JILOTEPEC
ALTA,solo_banavim,MEXICO - LA PAZ
ALTA,solo_banavim,MEXICO - LERMA
ALTA,solo_banavim,MEXICO - LUVIANOS
ALTA,solo_banavim,MEXICO - MALINALCO
ALTA,solo_banavim,MEXICO - MELCHOR OCAMPO
ALTA,solo_banavim,MEXICO - METEPEC
ALTA,solo_banavim,MEXICO - NAUCALPAN DE JUAREZ
ALTA,solo_banavim,MEXICO - NEZAHUALCOYOTL
ALTA,solo_banavim,MEXICO - NICOLAS ROMERO
ALTA,solo_banavim,MEXICO - OCOYOACAC
ALTA,solo_banavim,MEXICO - OCUILAN
ALTA,solo_banavim,MEXICO - OTUMBA
ALTA,solo_banavim,MEXICO - OTZOLOTEPEC
ALTA,solo_banavim,MEXICO - RAYON
ALTA,solo_banavim,MEXICO - SAN ANTONIO LA ISLA
ALTA,solo_banavim,MEXICO - SAN FELIPE DEL PROGRESO
ALTA,solo_banavim,MEXICO - SAN MATEO ATENCO
ALTA,solo_banavim,MEXICO - TECAMAC
ALTA,solo_banavim,MEXICO - TEJUPILCO
ALTA,solo_banavim,MEXICO - TEMOAYA
ALTA,solo_banavim,MEXICO - TENANCINGO
ALTA,solo_banavim,MEXICO - TENANGO DEL AIRE
ALTA,solo_banavim,MEXICO - TENANGO DEL VALLE
ALTA,solo_banavim,MEXICO - TEOLOYUCAN
ALTA,solo_banavim,MEXICO - TEOTIHUACAN
ALTA,solo_banavim,MEXICO - TEPOTZOTLAN
ALTA,solo_banavim,MEXICO - TEQUIXQUIAC
ALTA,solo_banavim,MEXICO - TEXCALTITLAN
ALTA,solo_banavim,MEXICO - TEXCOCO
ALTA,solo_banavim,MEXICO - TEZOYUCA
ALTA,solo_banavim,MEXICO - TIANGUISTENCO
ALTA,solo_banavim,MEXICO - TLALMANALCO
ALTA,solo_banavim,MEXICO - TLALNEPANTLA DE BAZ
ALTA,solo_banavim,MEXICO - TOLUCA
ALTA,solo_banavim,MEXICO - TULTEPEC
ALTA,solo_banavim,MEXICO - TULTITLAN
ALTA,solo_banavim,MEXICO - VALLE DE BRAVO
ALTA,solo_banavim,MEXICO - VALLE DE CHALCO SOLIDARIDAD
ALTA,solo_banavim,MEXICO - VILLA DEL CARBON
ALTA,solo_banavim,MEXICO - VILLA GUERRERO
ALTA,solo_banavim,MEXICO - ZINACANTEPEC
ALTA,solo_banavim,MEXICO - ZUMPANGO
ALTA,solo_banavim,MICHOACAN - CUITZEO
ALTA,solo_banavim,MICHOACAN - HIDALGO
ALTA,solo_banavim,MICHOACAN - HUETAMO
ALTA,solo_banavim,MICHOACAN - IRIMBO
ALTA,solo_banavim,MICHOACAN - JIQUILPAN
ALTA,solo_banavim,MICHOACAN - LA PIEDAD
ALTA,solo_banavim,MICHOACAN - MORELIA
ALTA,solo_banavim,MICHOACAN - PATZCUARO
ALTA,solo_banavim,MICHOACAN - PUREPERO
ALTA,solo_banavim,MICHOACAN - SAHUAYO
ALTA,solo_banavim,MICHOACAN - TACAMBARO
ALTA,solo_banavim,MICHOACAN - TANGANCICUARO
ALTA,solo_banavim,MICHOACAN - URUAPAN
ALTA,solo_banavim,MICHOACAN - VENUSTIANO CARRANZA
ALTA,solo_banavim,MICHOACAN - ZAMORA
ALTA,solo_banavim,MICHOACAN - ZITACUARO
ALTA,solo_banavim,MORELOS - ATLATLAHUCAN
ALTA,solo_banavim,MORELOS - AXOCHIAPAN
ALTA,solo_banavim,MORELOS - AYALA
ALTA,solo_banavim,MORELOS - COATLAN DEL RIO
ALTA,solo_banavim,MORELOS - CUAUTLA
ALTA,solo_banavim,MORELOS - CUERNAVACA
ALTA,solo_banavim,MORELOS - EMILIANO ZAPATA
ALTA,solo_banavim,MORELOS - HUITZILAC
ALTA,solo_banavim,MORELOS - JIUTEPEC
ALTA,solo_banavim,MORELOS - JOJUTLA
ALTA,solo_banavim,MORELOS - JONACATEPEC DE LEANDRO VALLE
ALTA,solo_banavim,MORELOS - MIACATLAN
ALTA,solo_banavim,MORELOS - TEMIXCO
ALTA,solo_banavim,MORELOS - TEPOZTLAN
ALTA,solo_banavim,MORELOS - TETECALA
ALTA,solo_banavim,MORELOS - TLALTIZAPAN DE ZAPATA
ALTA,solo_banavim,MORELOS - TOTOLAPAN
ALTA,solo_banavim,MORELOS - XOCHITEPEC
ALTA,solo_banavim,MORELOS - YAUTEPEC
ALTA,solo_banavim,MORELOS - YECAPIXTLA
ALTA,solo_banavim,MORELOS - ZACATEPEC
ALTA,solo_banavim,NAYARIT - AHUACATLAN
ALTA,solo_banavim,NAYARIT - BAHIA DE BANDERAS
ALTA,solo_banavim,NAYARIT - HUAJICORI
ALTA,solo_banavim,NAYARIT - IXTLAN DEL RIO
ALTA,solo_banavim,NAYARIT - TEPIC
ALTA,solo_banavim,NUEVO LEON - APODACA
ALTA,solo_banavim,NUEVO LEON - CADEREYTA JIMENEZ
ALTA,solo_banavim,NUEVO LEON - CIENEGA DE FLORES
ALTA,solo_banavim,NUEVO LEON - DOCTOR ARROYO
ALTA,solo_banavim,NUEVO LEON - GALEANA
ALTA,solo_banavim,NUEVO LEON - GARCIA
ALTA,solo_banavim,NUEVO LEON - GENERAL BRAVO
ALTA,solo_banavim,NUEVO LEON - GENERAL ESCOBEDO
ALTA,solo_banavim,NUEVO LEON - GENERAL ZUAZUA
ALTA,solo_banavim,NUEVO LEON - GUADALUPE
ALTA,solo_banavim,NUEVO LEON - JUAREZ
ALTA,solo_banavim,NUEVO LEON - LINARES
ALTA,solo_banavim,NUEVO LEON - MIER Y NORIEGA
ALTA,solo_banavim,NUEVO LEON - MONTEMORELOS
ALTA,solo_banavim,NUEVO LEON - MONTERREY
ALTA,solo_banavim,NUEVO LEON - PESQUERIA
ALTA,solo_banavim,NUEVO LEON - SABINAS HIDALGO
ALTA,solo_banavim,NUEVO LEON - SALINAS VICTORIA
ALTA,solo_banavim,NUEVO LEON - SAN NICOLAS DE LOS GARZA
ALTA,solo_banavim,NUEVO LEON - SAN PEDRO GARZA GARCIA
ALTA,solo_banavim,NUEVO LEON - SANTA CATARINA
ALTA,solo_banavim,NUEVO LEON - SANTIAGO
ALTA,solo_banavim,OAXACA - ANIMAS TRUJANO
ALTA,solo_banavim,OAXACA - HEROICA CIUDAD DE HUAJUAPAN DE LEON
ALTA,solo_banavim,OAXACA - MATIAS ROMERO AVENDANO
ALTA,solo_banavim,OAXACA - NAZARENO ETLA
ALTA,solo_banavim,OAXACA - OAXACA DE JUAREZ
ALTA,solo_banavim,OAXACA - SAN ANDRES HUAYAPAM
ALTA,solo_banavim,OAXACA - SAN ANTONIO DE LA CAL
ALTA,solo_banavim,OAXACA - SAN BARTOLO COYOTEPEC
ALTA,solo_banavim,OAXACA - SAN FRANCISCO IXHUATAN
ALTA,solo_banavim,OAXACA - SAN FRANCISCO TELIXTLAHUACA
ALTA,solo_banavim,OAXACA - SAN JUAN BAUTISTA TUXTEPEC
ALTA,solo_banavim,OAXACA - SAN JUAN OZOLOTEPEC
ALTA,solo_banavim,OAXACA - SAN PEDRO Y SAN PABLO TEPOSCOLULA
ALTA,solo_banavim,OAXACA - SAN SEBASTIAN TUTLA
ALTA,solo_banavim,OAXACA - SANTA CRUZ XOXOCOTLAN
ALTA,solo_banavim,OAXACA - SANTA LUCIA DEL CAMINO
ALTA,solo_banavim,OAXACA - SOLEDAD ETLA
ALTA,solo_banavim,OAXACA - TLACOLULA DE MATAMOROS
ALTA,solo_banavim,OAXACA - VILLA DE ZAACHILA
ALTA,solo_banavim,OAXACA - ZIMATLAN DE ALVAREZ
ALTA,solo_banavim,PUEBLA - ACAJETE
ALTA,solo_banavim,PUEBLA - AMOZOC
ALTA,solo_banavim,PUEBLA - ATLIXCO
ALTA,solo_banavim,PUEBLA - ATOYATEMPAN
ALTA,solo_banavim,PUEBLA - CALPAN
ALTA,solo_banavim,PUEBLA - CHALCHICOMULA DE SESMA
ALTA,solo_banavim,PUEBLA - CHAPULCO
ALTA,solo_banavim,PUEBLA - CHIAUTLA
ALTA,solo_banavim,PUEBLA - CORONANGO
ALTA,solo_banavim,PUEBLA - COYOTEPEC
ALTA,solo_banavim,PUEBLA - CUAUTLANCINGO
ALTA,solo_banavim,PUEBLA - CUETZALAN DEL PROGRESO
ALTA,solo_banavim,PUEBLA - HUAUCHINANGO
ALTA,solo_banavim,PUEBLA - HUEJOTZINGO
ALTA,solo_banavim,PUEBLA - OCOYUCAN
ALTA,solo_banavim,PUEBLA - PAHUATLAN
ALTA,solo_banavim,PUEBLA - PALMAR DE BRAVO
ALTA,solo_banavim,PUEBLA - PUEBLA
ALTA,solo_banavim,PUEBLA - SAN ANDRES CHOLULA
ALTA,solo_banavim,PUEBLA - SAN GREGORIO ATZOMPA
ALTA,solo_banavim,PUEBLA - SAN JOSE CHIAPA
ALTA,solo_banavim,PUEBLA - SAN MARTIN TEXMELUCAN
ALTA,solo_banavim,PUEBLA - SAN PEDRO CHOLULA
ALTA,solo_banavim,PUEBLA - SAN SALVADOR EL VERDE
ALTA,solo_banavim,PUEBLA - SANTA ISABEL CHOLULA
ALTA,solo_banavim,PUEBLA - TEHUACAN
ALTA,solo_banavim,PUEBLA - TEPATLAXCO DE HIDALGO
ALTA,solo_banavim,PUEBLA - TLACHICHUCA
ALTA,solo_banavim,PUEBLA - ZACAPOAXTLA
ALTA,solo_banavim,PUEBLA - ZACATLAN
ALTA,solo_banavim,PUEBLA - ZARAGOZA
ALTA,solo_banavim,PUEBLA - ZOQUITLAN
ALTA,solo_banavim,QUERETARO - EL MARQUES
ALTA,solo_banavim,QUERETARO - QUERETARO
ALTA,solo_banavim,QUINTANA ROO - BACALAR
ALTA,solo_banavim,QUINTANA ROO - BENITO JUAREZ
ALTA,solo_banavim,QUINTANA ROO - COZUMEL
ALTA,solo_banavim,QUINTANA ROO - FELIPE CARRILLO PUERTO
ALTA,solo_banavim,QUINTANA ROO - ISLA MUJERES
ALTA,solo_banavim,QUINTANA ROO - JOSE MARIA MORELOS
ALTA,solo_banavim,QUINTANA ROO - LAZARO CARDENAS
ALTA,solo_banavim,QUINTANA ROO - OTHON P BLANCO
ALTA,solo_banavim,QUINTANA ROO - PUERTO MORELOS
ALTA,solo_banavim,QUINTANA ROO - SOLIDARIDAD
ALTA,solo_banavim,QUINTANA ROO - TULUM
ALTA,solo_banavim,SAN LUIS POTOSI - AXTLA DE TERRAZAS
ALTA,solo_banavim,SAN LUIS POTOSI - CARDENAS
ALTA,solo_banavim,SAN LUIS POTOSI - CEDRAL
ALTA,solo_banavim,SAN LUIS POTOSI - CERRITOS
ALTA,solo_banavim,SAN LUIS POTOSI - CIUDAD FERNANDEZ
ALTA,solo_banavim,SAN LUIS POTOSI - CIUDAD VALLES
ALTA,solo_banavim,SAN LUIS POTOSI - GUADALCAZAR
ALTA,solo_banavim,SAN LUIS POTOSI - MATEHUALA
ALTA,solo_banavim,SAN LUIS POTOSI - RIOVERDE
ALTA,solo_banavim,SAN LUIS POTOSI - SAN CIRO DE ACOSTA
ALTA,solo_banavim,SAN LUIS POTOSI - SAN LUIS POTOSI
ALTA,solo_banavim,SAN LUIS POTOSI - SANTA CATARINA
ALTA,solo_banavim,SAN LUIS POTOSI - SOLEDAD DE GRACIANO SANCHEZ
ALTA,solo_banavim,SAN LUIS POTOSI - TAMASOPO
ALTA,solo_banavim,SAN LUIS POTOSI - TAMAZUNCHALE
ALTA,solo_banavim,SAN LUIS POTOSI - TAMPAMOLON CORONA
ALTA,solo_banavim,SAN LUIS POTOSI - TAMUIN
ALTA,solo_banavim,SINALOA - AHOME
ALTA,solo_banavim,SINALOA - CONCORDIA
ALTA,solo_banavim,SINALOA - COSALA
ALTA,solo_banavim,SINALOA - CULIACAN
ALTA,solo_banavim,SINALOA - GUASAVE
ALTA,solo_banavim,SINALOA - MAZATLAN
ALTA,solo_banavim,SINALOA - MOCORITO
ALTA,solo_banavim,SINALOA - NAVOLATO
ALTA,solo_banavim,SONORA - CABORCA
ALTA,solo_banavim,SONORA - CAJEME
ALTA,solo_banavim,SONORA - HERMOSILLO
ALTA,solo_banavim,TABASCO - BALANCAN
ALTA,solo_banavim,TABASCO - CARDENAS
ALTA,solo_banavim,TABASCO - CENTLA
ALTA,solo_banavim,TABASCO - CENTRO
ALTA,solo_banavim,TABASCO - COMALCALCO
ALTA,solo_banavim,TABASCO - EMILIANO ZAPATA
ALTA,solo_banavim,TABASCO - MACUSPANA
ALTA,solo_banavim,TABASCO - NACAJUCA
ALTA,solo_banavim,TABASCO - PARAISO
ALTA,solo_banavim,TABASCO - TENOSIQUE
ALTA,solo_banavim,TAMAULIPAS - PALMILLAS
ALTA,solo_banavim,TAMAULIPAS - REYNOSA
ALTA,solo_banavim,TAMAULIPAS - VICTORIA
ALTA,solo_banavim,TLAXCALA - ACUAMANALA DE MIGUEL HIDALGO
ALTA,solo_banavim,TLAXCALA - APETATITLAN DE ANTONIO CARVAJAL
ALTA,solo_banavim,TLAXCALA - APIZACO
ALTA,solo_banavim,TLAXCALA - CALPULALPAN
ALTA,solo_banavim,TLAXCALA - CHIAUTEMPAN
ALTA,solo_banavim,TLAXCALA - CONTLA DE JUAN CUAMATZI
ALTA,solo_banavim,TLAXCALA - HUAMANTLA
ALTA,solo_banavim,TLAXCALA - HUEYOTLIPAN
ALTA,solo_banavim,TLAXCALA - IXTACUIXTLA DE MARIANO MATAMOROS
ALTA,solo_banavim,TLAXCALA - IXTENCO
ALTA,solo_banavim,TLAXCALA - SAN PABLO DEL MONTE
ALTA,solo_banavim,TLAXCALA - SANTA APOLONIA TEACALCO
ALTA,solo_banavim,TLAXCALA - TERRENATE
ALTA,solo_banavim,TLAXCALA - TETLA DE LA SOLIDARIDAD
ALTA,solo_banavim,TLAXCALA - TLAXCALA
ALTA,solo_banavim,TLAXCALA - TLAXCO
ALTA,solo_banavim,TLAXCALA - TZOMPANTEPEC
ALTA,solo_banavim,TLAXCALA - ZACATELCO
ALTA,solo_banavim,VERACRUZ - TATAHUICAPAN DE JUAREZ
ALTA,solo_banavim,VERACRUZ - TEPETZINTLA
ALTA,solo_banavim,VERACRUZ - TUXPAN
ALTA,solo_banavim,VERACRUZ - VERACRUZ
ALTA,solo_banavim,VERACRUZ - XALAPA
ALTA,solo_banavim,VERACRUZ - ZONGOLICA
ALTA,solo_banavim,YUCATAN - AKIL
ALTA,solo_banavim,YUCATAN - BACA
ALTA,solo_banavim,YUCATAN - CENOTILLO
ALTA,solo_banavim,YUCATAN - CHEMAX
ALTA,solo_banavim,YUCATAN - CONKAL
ALTA,solo_banavim,YUCATAN - CUNCUNUL
ALTA,solo_banavim,YUCATAN - DZAN
ALTA,solo_banavim,YUCATAN - ESPITA
ALTA,solo_banavim,YUCATAN - HOCABA
ALTA,solo_banavim,YUCATAN - HUNUCMA
ALTA,solo_banavim,YUCATAN - IZAMAL
ALTA,solo_banavim,YUCATAN - KANASIN
ALTA,solo_banavim,YUCATAN - MERIDA
ALTA,solo_banavim,YUCATAN - MOTUL
ALTA,solo_banavim,YUCATAN - OXKUTZCAB
ALTA,solo_banavim,YUCATAN - PROGRESO
ALTA,solo_banavim,YUCATAN - RIO LAGARTOS
ALTA,solo_banavim,YUCATAN - TEKIT
ALTA,solo_banavim,YUCATAN - TIZIMIN
ALTA,solo_banavim,YUCATAN - UMAN
ALTA,solo_banavim,YUCATAN - VALLADOLID
ALTA,solo_banavim,YUCATAN - XOCCHEL
ALTA,solo_banavim,YUCATAN - YAXCABA
ALTA,solo_banavim,ZACATECAS - CALERA
ALTA,solo_banavim,ZACATECAS - CHALCHIHUITES
ALTA,solo_banavim,ZACATECAS - CONCEPCION DEL ORO
ALTA,solo_banavim,ZACATECAS - EL SALVADOR
ALTA,solo_banavim,ZACATECAS - FRESNILLO
ALTA,solo_banavim,ZACATECAS - GUADALUPE
ALTA,solo_banavim,ZACATECAS - JEREZ
ALTA,solo_banavim,ZACATECAS - JUAN ALDAMA
ALTA,solo_banavim,ZACATECAS - JUCHIPILA
ALTA,solo_banavim,ZACATECAS - LUIS MOYA
ALTA,solo_banavim,ZACATECAS - MORELOS
ALTA,solo_banavim,ZACATECAS - PANUCO
ALTA,solo_banavim,ZACATECAS - RIO GRANDE
ALTA,solo_banavim,ZACATECAS - SOMBRERETE
ALTA,solo_banavim,ZACATECAS - ZACATECAS
ALTA_MEDIA,comun,CDMX - AZCAPOTZALCO
ALTA_MEDIA,comun,CHIAPAS - BOCHIL
ALTA_MEDIA,comun,CHIAPAS - CATAZAJA
ALTA_MEDIA,comun,CHIAPAS - TEOPISCA
ALTA_MEDIA,comun,CHIAPAS - TUZANTAN
ALTA_MEDIA,comun,COAHUILA - FRANCISCO I MADERO
ALTA_MEDIA,comun,GUERRERO - XALPATLAHUAC
ALTA_MEDIA,comun,HIDALGO - NOPALA DE VILLAGRAN
ALTA_MEDIA,comun,HIDALGO - ZIMAPAN
ALTA_MEDIA,comun,JALISCO - TLAJOMULCO DE ZUNIGA
ALTA_MEDIA,comun,MORELOS - TEMIXCO
ALTA_MEDIA,comun,MORELOS - TETELA DEL VOLCAN
ALTA_MEDIA,comun,NAYARIT - LA YESCA
ALTA_MEDIA,comun,NAYARIT - SANTIAGO IXCUINTLA
ALTA_MEDIA,comun,OAXACA - MAGDALENA APASCO
ALTA_MEDIA,comun,OAXACA - MATIAS ROMERO AVENDANO
ALTA_MEDIA,comun,OAXACA - SALINA CRUZ
ALTA_MEDIA,comun,OAXACA - SAN ANDRES ZAUTLA
ALTA_MEDIA,comun,OAXACA - SAN JACINTO AMILPAS
ALTA_MEDIA,comun,OAXACA - SANTA MARIA ATZOMPA
ALTA_MEDIA,comun,OAXACA - VILLA TEJUPAM DE LA UNION
ALTA_MEDIA,comun,PUEBLA - FRANCISCO Z MENA
ALTA_MEDIA,comun,PUEBLA - SANTIAGO MIAHUATLAN
ALTA_MEDIA,comun,QUERETARO - CORREGIDORA
ALTA_MEDIA,comun,QUERETARO - HUIMILPAN
ALTA_MEDIA,comun,QUINTANA ROO - OTHON P BLANCO
ALTA_MEDIA,comun,SAN LUIS POTOSI - ZARAGOZA
ALTA_MEDIA,comun,TABASCO - CENTRO
ALTA_MEDIA,comun,TABASCO - CUNDUACAN
ALTA_MEDIA,comun,TABASCO - JALAPA
ALTA_MEDIA,comun,TABASCO - MACUSPANA
ALTA_MEDIA,comun,VERACRUZ - CORDOBA
ALTA_MEDIA,comun,VERACRUZ - PEROTE
ALTA_MEDIA,comun,VERACRUZ - VERACRUZ
ALTA_MEDIA,solo_ine,CHIAPAS - CAPITAN LUIS ANGEL VIDAL
ALTA_MEDIA,solo_ine,CHIAPAS - EMILIANO ZAPATA
ALTA_MEDIA,solo_ine,NAYARIT - EL NAYAR
ALTA_MEDIA,solo_ine,OAXACA - AYOQUEZCO DE ALDAMA
ALTA_MEDIA,solo_ine,OAXACA - CIENEGA DE ZIMATLAN
ALTA_MEDIA,solo_ine,OAXACA - CONCEPCION PAPALO
ALTA_MEDIA,solo_ine,OAXACA - LA REFORMA
ALTA_MEDIA,solo_ine,OAXACA - SAN ANDRES IXTLAHUACA
ALTA_MEDIA,solo_ine,OAXACA - SAN CRISTOBAL AMATLAN
ALTA_MEDIA,solo_ine,OAXACA - SAN DIONISIO DEL MAR
ALTA_MEDIA,solo_ine,OAXACA - SAN JERONIMO SOSOLA
ALTA_MEDIA,solo_ine,OAXACA - SAN LORENZO CACAOTEPEC
ALTA_MEDIA,solo_ine,OAXACA - SAN NICOLAS
ALTA_MEDIA,solo_ine,OAXACA - SANTA CATALINA QUIERI
ALTA_MEDIA,solo_ine,OAXACA - SANTIAGO CHAZUMBA
ALTA_MEDIA,solo_ine,OAXACA - TANICHE
ALTA_MEDIA,solo_ine,PUEBLA - SAN ANTONIO CANADA
ALTA_MEDIA,solo_ine,PUEBLA - TUZAMAPAN DE GALEANA
ALTA_MEDIA,solo_ine,TABASCO - JONUTA
ALTA_MEDIA,solo_ine,VERACRUZ - ACAYUCAN
ALTA_MEDIA,solo_ine,VERACRUZ - ALTO LUCERO DE GUTIERREZ BARRIOS
ALTA_MEDIA,solo_ine,VERACRUZ - ALTOTONGA
ALTA_MEDIA,solo_ine,VERACRUZ - COETZALA
ALTA_MEDIA,solo_ine,VERACRUZ - LA ANTIGUA
ALTA_MEDIA,solo_ine,VERACRUZ - LERDO DE TEJADA
ALTA_MEDIA,solo_banavim,AGUASCALIENTES - AGUASCALIENTES
ALTA_MEDIA,solo_banavim,AGUASCALIENTES - ASIENTOS
ALTA_MEDIA,solo_banavim,AGUASCALIENTES - CALVILLO
ALTA_MEDIA,solo_banavim,AGUASCALIENTES - COSIO
ALTA_MEDIA,solo_banavim,AGUASCALIENTES - EL LLANO
ALTA_MEDIA,solo_banavim,AGUASCALIENTES - JESUS MARIA
ALTA_MEDIA,solo_banavim,AGUASCALIENTES - PABELLON DE ARTEAGA
ALTA_MEDIA,solo_banavim,AGUASCALIENTES - RINCON DE ROMOS
ALTA_MEDIA,solo_banavim,AGUASCALIENTES - SAN FRANCISCO DE LOS ROMO
ALTA_MEDIA,solo_banavim,AGUASCALIENTES - SAN JOSE DE GRACIA
ALTA_MEDIA,solo_banavim,AGUASCALIENTES - TEPEZALA
ALTA_MEDIA,solo_banavim,BAJA CALIFORNIA - ENSENADA
ALTA_MEDIA,solo_banavim,BAJA CALIFORNIA - MEXICALI
ALTA_MEDIA,solo_banavim,BAJA CALIFORNIA - PLAYAS DE ROSARITO
ALTA_MEDIA,solo_banavim,BAJA CALIFORNIA - TECATE
ALTA_MEDIA,solo_banavim,BAJA CALIFORNIA - TIJUANA
ALTA_MEDIA,solo_banavim,BAJA CALIFORNIA SUR - COMONDU
ALTA_MEDIA,solo_banavim,BAJA CALIFORNIA SUR - LA PAZ
ALTA_MEDIA,solo_banavim,BAJA CALIFORNIA SUR - LORETO
ALTA_MEDIA,solo_banavim,BAJA CALIFORNIA SUR - LOS CABOS
ALTA_MEDIA,solo_banavim,CAMPECHE - CALKINI
ALTA_MEDIA,solo_banavim,CAMPECHE - CHAMPOTON
ALTA_MEDIA,solo_banavim,CAMPECHE - CIUDAD DEL CARMEN
ALTA_MEDIA,solo_banavim,CAMPECHE - ESCARCEGA
ALTA_MEDIA,solo_banavim,CAMPECHE - SAN FRANCISCO DE CAMPECHE
ALTA_MEDIA,solo_banavim,CAMPECHE - XPUJIL
ALTA_MEDIA,solo_banavim,CDMX - ALVARO OBREGON
ALTA_MEDIA,solo_banavim,CDMX - BENITO JUAREZ
ALTA_MEDIA,solo_banavim,CDMX - COYOACAN
ALTA_MEDIA,solo_banavim,CDMX - CUAJIMALPA DE MORELOS
ALTA_MEDIA,solo_banavim,CDMX - CUAUHTEMOC
ALTA_MEDIA,solo_banavim,CDMX - GUSTAVO A MADERO
ALTA_MEDIA,solo_banavim,CDMX - IZTACALCO
ALTA_MEDIA,solo_banavim,CDMX - IZTAPALAPA
ALTA_MEDIA,solo_banavim,CDMX - LA MAGDALENA CONTRERAS
ALTA_MEDIA,solo_banavim,CDMX - MIGUEL HIDALGO
ALTA_MEDIA,solo_banavim,CDMX - MILPA ALTA
ALTA_MEDIA,solo_banavim,CDMX - TLAHUAC
ALTA_MEDIA,solo_banavim,CDMX - TLALPAN
ALTA_MEDIA,solo_banavim,CDMX - VENUSTIANO CARRANZA
ALTA_MEDIA,solo_banavim,CDMX - XOCHIMILCO
ALTA_MEDIA,solo_banavim,CHIAPAS - ACACOYAGUA
ALTA_MEDIA,solo_banavim,CHIAPAS - ACALA
ALTA_MEDIA,solo_banavim,CHIAPAS - ACAPETAHUA
ALTA_MEDIA,solo_banavim,CHIAPAS - ALDAMA
ALTA_MEDIA,solo_banavim,CHIAPAS - ALTAMIRANO
ALTA_MEDIA,solo_banavim,CHIAPAS - AMATAN
ALTA_MEDIA,solo_banavim,CHIAPAS - AMATENANGO DEL VALLE
ALTA_MEDIA,solo_banavim,CHIAPAS - ANGEL ALBINO CORZO
ALTA_MEDIA,solo_banavim,CHIAPAS - ARRIAGA
ALTA_MEDIA,solo_banavim,CHIAPAS - BENEMERITO DE LAS AMERICAS
ALTA_MEDIA,solo_banavim,CHIAPAS - BERRIOZABAL
ALTA_MEDIA,solo_banavim,CHIAPAS - CACAHOATAN
ALTA_MEDIA,solo_banavim,CHIAPAS - CHALCHIHUITAN
ALTA_MEDIA,solo_banavim,CHIAPAS - CHAMULA
ALTA_MEDIA,solo_banavim,CHIAPAS - CHANAL
ALTA_MEDIA,solo_banavim,CHIAPAS - CHAPULTENANGO
ALTA_MEDIA,solo_banavim,CHIAPAS - CHENALHO
ALTA_MEDIA,solo_banavim,CHIAPAS - CHIAPA DE CORZO
ALTA_MEDIA,solo_banavim,CHIAPAS - CHIAPILLA
ALTA_MEDIA,solo_banavim,CHIAPAS - CHICOMUSELO
ALTA_MEDIA,solo_banavim,CHIAPAS - CHILON
ALTA_MEDIA,solo_banavim,CHIAPAS - CINTALAPA
ALTA_MEDIA,solo_banavim,CHIAPAS - COAPILLA
ALTA_MEDIA,solo_banavim,CHIAPAS - COMITAN DE DOMINGUEZ
ALTA_MEDIA,solo_banavim,CHIAPAS - COPAINALA
ALTA_MEDIA,solo_banavim,CHIAPAS - EL BOSQUE
ALTA_MEDIA,solo_banavim,CHIAPAS - EL PORVENIR
ALTA_MEDIA,solo_banavim,CHIAPAS - ESCUINTLA
ALTA_MEDIA,solo_banavim,CHIAPAS - FRONTERA COMALAPA
ALTA_MEDIA,solo_banavim,CHIAPAS - FRONTERA HIDALGO
ALTA_MEDIA,solo_banavim,CHIAPAS - HUEHUETAN
ALTA_MEDIA,solo_banavim,CHIAPAS - HUITIUPAN
ALTA_MEDIA,solo_banavim,CHIAPAS - HUIXTAN
ALTA_MEDIA,solo_banavim,CHIAPAS - HUIXTLA
ALTA_MEDIA,solo_banavim,CHIAPAS - IXTACOMITAN
ALTA_MEDIA,solo_banavim,CHIAPAS - IXTAPA
ALTA_MEDIA,solo_banavim,CHIAPAS - IXTAPANGAJOYA
ALTA_MEDIA,solo_banavim,CHIAPAS - JIQUIPILAS
ALTA_MEDIA,solo_banavim,CHIAPAS - JITOTOL
ALTA_MEDIA,solo_banavim,CHIAPAS - JUAREZ
ALTA_MEDIA,solo_banavim,CHIAPAS - LA CONCORDIA
ALTA_MEDIA,solo_banavim,CHIAPAS - LA GRANDEZA
ALTA_MEDIA,solo_banavim,CHIAPAS - LA INDEPENDENCIA
ALTA_MEDIA,solo_banavim,CHIAPAS - LA TRINITARIA
ALTA_MEDIA,solo_banavim,CHIAPAS - LARRAINZAR
ALTA_MEDIA,solo_banavim,CHIAPAS - LAS MARGARITAS
ALTA_MEDIA,solo_banavim,CHIAPAS - LAS ROSAS
ALTA_MEDIA,solo_banavim,CHIAPAS - MAPASTEPEC
ALTA_MEDIA,solo_banavim,CHIAPAS - MARQUES DE COMILLAS
ALTA_MEDIA,solo_banavim,CHIAPAS - MAZATAN
ALTA_MEDIA,solo_banavim,CHIAPAS - METAPA
ALTA_MEDIA,solo_banavim,CHIAPAS - MITONTIC
ALTA_MEDIA,solo_banavim,CHIAPAS - MOTOZINTLA
ALTA_MEDIA,solo_banavim,CHIAPAS - OCOSINGO
ALTA_MEDIA,solo_banavim,CHIAPAS - OCOZOCOAUTLA DE ESPINOSA
ALTA_MEDIA,solo_banavim,CHIAPAS - OSUMACINTA
ALTA_MEDIA,solo_banavim,CHIAPAS - OXCHUC
ALTA_MEDIA,solo_banavim,CHIAPAS - PALENQUE
ALTA_MEDIA,solo_banavim,CHIAPAS - PANTELHO
ALTA_MEDIA,solo_banavim,CHIAPAS - PICHUCALCO
ALTA_MEDIA,solo_banavim,CHIAPAS - PIJIJIAPAN
ALTA_MEDIA,solo_banavim,CHIAPAS - REFORMA
ALTA_MEDIA,solo_banavim,CHIAPAS - SABANILLA
ALTA_MEDIA,solo_banavim,CHIAPAS - SALTO DE AGUA
ALTA_MEDIA,solo_banavim,CHIAPAS - SAN ANDRES DURAZNAL
ALTA_MEDIA,solo_banavim,CHIAPAS - SAN CRISTOBAL DE LAS CASAS
ALTA_MEDIA,solo_banavim,CHIAPAS - SAN FERNANDO
ALTA_MEDIA,solo_banavim,CHIAPAS - SAN JUAN CANCUC
ALTA_MEDIA,solo_banavim,CHIAPAS - SAN LUCAS
ALTA_MEDIA,solo_banavim,CHIAPAS - SANTIAGO EL PINAR
ALTA_MEDIA,solo_banavim,CHIAPAS - SILTEPEC
ALTA_MEDIA,solo_banavim,CHIAPAS - SIMOJOVEL
ALTA_MEDIA,solo_banavim,CHIAPAS - SOCOLTENANGO
ALTA_MEDIA,solo_banavim,CHIAPAS - SOLOSUCHIAPA
ALTA_MEDIA,solo_banavim,CHIAPAS - SOYALO
ALTA_MEDIA,solo_banavim,CHIAPAS - SUCHIAPA
ALTA_MEDIA,solo_banavim,CHIAPAS - SUCHIATE
ALTA_MEDIA,solo_banavim,CHIAPAS - SUNUAPA
ALTA_MEDIA,solo_banavim,CHIAPAS - TAPACHULA
ALTA_MEDIA,solo_banavim,CHIAPAS - TAPILULA
ALTA_MEDIA,solo_banavim,CHIAPAS - TECPATAN
ALTA_MEDIA,solo_banavim,CHIAPAS - TENEJAPA
ALTA_MEDIA,solo_banavim,CHIAPAS - TILA
ALTA_MEDIA,solo_banavim,CHIAPAS - TONALA
ALTA_MEDIA,solo_banavim,CHIAPAS - TUMBALA
ALTA_MEDIA,solo_banavim,CHIAPAS - TUXTLA CHICO
ALTA_MEDIA,solo_banavim,CHIAPAS - TUXTLA GUTIERREZ
ALTA_MEDIA,solo_banavim,CHIAPAS - TZIMOL
ALTA_MEDIA,solo_banavim,CHIAPAS - UNION JUAREZ
ALTA_MEDIA,solo_banavim,CHIAPAS - VENUSTIANO CARRANZA
ALTA_MEDIA,solo_banavim,CHIAPAS - VILLA COMALTITLAN
ALTA_MEDIA,solo_banavim,CHIAPAS - VILLA CORZO
ALTA_MEDIA,solo_banavim,CHIAPAS - VILLAFLORES
ALTA_MEDIA,solo_banavim,CHIAPAS - YAJALON
ALTA_MEDIA,solo_banavim,CHIAPAS - ZINACANTAN
ALTA_MEDIA,solo_banavim,CHIHUAHUA - ALDAMA
ALTA_MEDIA,solo_banavim,CHIHUAHUA - AQUILES SERDAN
ALTA_MEDIA,solo_banavim,CHIHUAHUA - BACHINIVA
ALTA_MEDIA,solo_banavim,CHIHUAHUA - BOCOYNA
ALTA_MEDIA,solo_banavim,CHIHUAHUA - CAMARGO
ALTA_MEDIA,solo_banavim,CHIHUAHUA - CASAS GRANDES
ALTA_MEDIA,solo_banavim,CHIHUAHUA - CHIHUAHUA
ALTA_MEDIA,solo_banavim,CHIHUAHUA - CUAUHTEMOC
ALTA_MEDIA,solo_banavim,CHIHUAHUA - DELICIAS
ALTA_MEDIA,solo_banavim,CHIHUAHUA - GOMEZ FARIAS
ALTA_MEDIA,solo_banavim,CHIHUAHUA - GUACHOCHI
ALTA_MEDIA,solo_banavim,CHIHUAHUA - HIDALGO DEL PARRAL
ALTA_MEDIA,solo_banavim,CHIHUAHUA - JUAREZ
ALTA_MEDIA,solo_banavim,CHIHUAHUA - LA CRUZ
ALTA_MEDIA,solo_banavim,CHIHUAHUA - MEOQUI
ALTA_MEDIA,solo_banavim,CHIHUAHUA - MORELOS
ALTA_MEDIA,solo_banavim,CHIHUAHUA - NUEVO CASAS GRANDES
ALTA_MEDIA,solo_banavim,CHIHUAHUA - OJINAGA
ALTA_MEDIA,solo_banavim,CHIHUAHUA - ROSALES
ALTA_MEDIA,solo_banavim,CHIHUAHUA - SANTA BARBARA
ALTA_MEDIA,solo_banavim,CHIHUAHUA - URIQUE
ALTA_MEDIA,solo_banavim,CHIHUAHUA - URUACHI
ALTA_MEDIA,solo_banavim,COAHUILA - ACUNA
ALTA_MEDIA,solo_banavim,COAHUILA - ALLENDE
ALTA_MEDIA,solo_banavim,COAHUILA - ARTEAGA
ALTA_MEDIA,solo_banavim,COAHUILA - CASTANOS
ALTA_MEDIA,solo_banavim,COAHUILA - CUATRO CIENEGAS
ALTA_MEDIA,solo_banavim,COAHUILA - ESCOBEDO
ALTA_MEDIA,solo_banavim,COAHUILA - FRONTERA
ALTA_MEDIA,solo_banavim,COAHUILA - GENERAL CEPEDA
ALTA_MEDIA,solo_banavim,COAHUILA - MATAMOROS
ALTA_MEDIA,solo_banavim,COAHUILA - MONCLOVA
ALTA_MEDIA,solo_banavim,COAHUILA - MUZQUIZ
ALTA_MEDIA,solo_banavim,COAHUILA - NAVA
ALTA_MEDIA,solo_banavim,COAHUILA - PARRAS
ALTA_MEDIA,solo_banavim,COAHUILA - PIEDRAS NEGRAS
ALTA_MEDIA,solo_banavim,COAHUILA - RAMOS ARIZPE
ALTA_MEDIA,solo_banavim,COAHUILA - SABINAS
ALTA_MEDIA,solo_banavim,COAHUILA - SALTILLO
ALTA_MEDIA,solo_banavim,COAHUILA - SAN BUENAVENTURA
ALTA_MEDIA,solo_banavim,COAHUILA - SAN JUAN DE SABINAS
ALTA_MEDIA,solo_banavim,COAHUILA - SAN PEDRO
ALTA_MEDIA,solo_banavim,COAHUILA - TORREON
ALTA_MEDIA,solo_banavim,COAHUILA - VILLA UNION
ALTA_MEDIA,solo_banavim,COAHUILA - ZARAGOZA
ALTA_MEDIA,solo_banavim,COLIMA - CIUDAD DE ARMERIA
ALTA_MEDIA,solo_banavim,COLIMA - CIUDAD DE VILLA DE ALVAREZ
ALTA_MEDIA,solo_banavim,COLIMA - COLIMA
ALTA_MEDIA,solo_banavim,COLIMA - COMALA
ALTA_MEDIA,solo_banavim,COLIMA - COQUIMATLAN
ALTA_MEDIA,solo_banavim,COLIMA - CUAUHTEMOC
ALTA_MEDIA,solo_banavim,COLIMA - MANZANILLO
ALTA_MEDIA,solo_banavim,COLIMA - MINATITLAN
ALTA_MEDIA,solo_banavim,COLIMA - TECOMAN
ALTA_MEDIA,solo_banavim,DURANGO - CANATLAN
ALTA_MEDIA,solo_banavim,DURANGO - CUENCAME
ALTA_MEDIA,solo_banavim,DURANGO - DURANGO
ALTA_MEDIA,solo_banavim,DURANGO - GOMEZ PALACIO
ALTA_MEDIA,solo_banavim,DURANGO - GUADALUPE VICTORIA
ALTA_MEDIA,solo_banavim,DURANGO - LERDO
ALTA_MEDIA,solo_banavim,DURANGO - MAPIMI
ALTA_MEDIA,solo_banavim,DURANGO - PUEBLO NUEVO
ALTA_MEDIA,solo_banavim,DURANGO - SUCHIL
ALTA_MEDIA,solo_banavim,DURANGO - TAMAZULA
ALTA_MEDIA,solo_banavim,DURANGO - VICENTE GUERRERO
ALTA_MEDIA,solo_banavim,GUANAJUATO - CELAYA
ALTA_MEDIA,solo_banavim,GUANAJUATO - GUANAJUATO
ALTA_MEDIA,solo_banavim,GUANAJUATO - IRAPUATO
ALTA_MEDIA,solo_banavim,GUANAJUATO - LEON
ALTA_MEDIA,solo_banavim,GUANAJUATO - MANUEL DOBLADO
ALTA_MEDIA,solo_banavim,GUANAJUATO - MOROLEON
ALTA_MEDIA,solo_banavim,GUANAJUATO - SAN FRANCISCO DEL RINCON
ALTA_MEDIA,solo_banavim,GUANAJUATO - SAN LUIS DE LA PAZ
ALTA_MEDIA,solo_banavim,GUANAJUATO - SAN MIGUEL DE ALLENDE
ALTA_MEDIA,solo_banavim,GUERRERO - ACAPULCO DE JUAREZ
ALTA_MEDIA,solo_banavim,GUERRERO - ALCOZAUCA DE GUERRERO
ALTA_MEDIA,solo_banavim,GUERRERO - ARCELIA
ALTA_MEDIA,solo_banavim,GUERRERO - ATLAMAJALCINGO DEL MONTE
ALTA_MEDIA,solo_banavim,GUERRERO - ATLIXTAC
ALTA_MEDIA,solo_banavim,GUERRERO - BENITO JUAREZ
ALTA_MEDIA,solo_banavim,GUERRERO - CHILAPA DE ALVAREZ
ALTA_MEDIA,solo_banavim,GUERRERO - CHILPANCINGO DE LOS BRAVO
ALTA_MEDIA,solo_banavim,GUERRERO - COCHOAPA EL GRANDE
ALTA_MEDIA,solo_banavim,GUERRERO - COPANATOYAC
ALTA_MEDIA,solo_banavim,GUERRERO - COYUCA DE CATALAN
ALTA_MEDIA,solo_banavim,GUERRERO - CUTZAMALA DE PINZON
ALTA_MEDIA,solo_banavim,GUERRERO - EDUARDO NERI
ALTA_MEDIA,solo_banavim,GUERRERO - HUAMUXTITLAN
ALTA_MEDIA,solo_banavim,GUERRERO - JUAN R ESCUDERO
ALTA_MEDIA,solo_banavim,GUERRERO - LA UNION DE ISIDORO MONTES DE OCA
ALTA_MEDIA,solo_banavim,GUERRERO - LEONARDO BRAVO
ALTA_MEDIA,solo_banavim,GUERRERO - MALINALTEPEC
ALTA_MEDIA,solo_banavim,GUERRERO - MARQUELIA
ALTA_MEDIA,solo_banavim,GUERRERO - MARTIR DE CUILAPAN
ALTA_MEDIA,solo_banavim,GUERRERO - METLATONOC
ALTA_MEDIA,solo_banavim,GUERRERO - MOCHITLAN
ALTA_MEDIA,solo_banavim,GUERRERO - OLINALA
ALTA_MEDIA,solo_banavim,GUERRERO - OMETEPEC
ALTA_MEDIA,solo_banavim,GUERRERO - PETATLAN
ALTA_MEDIA,solo_banavim,GUERRERO - PUNGARABATO
ALTA_MEDIA,solo_banavim,GUERRERO - TELOLOAPAN
ALTA_MEDIA,solo_banavim,GUERRERO - TIXTLA DE GUERRERO
ALTA_MEDIA,solo_banavim,GUERRERO - TLACOACHISTLAHUACA
ALTA_MEDIA,solo_banavim,GUERRERO - TLACOAPA
ALTA_MEDIA,solo_banavim,GUERRERO - TLALCHAPA
ALTA_MEDIA,solo_banavim,GUERRERO - TLAPA DE COMONFORT
ALTA_MEDIA,solo_banavim,GUERRERO - TLAPEHUALA
ALTA_MEDIA,solo_banavim,GUERRERO - XOCHIHUEHUETLAN
ALTA_MEDIA,solo_banavim,GUERRERO - XOCHISTLAHUACA
ALTA_MEDIA,solo_banavim,GUERRERO - ZIHUATANEJO DE AZUETA
ALTA_MEDIA,solo_banavim,HIDALGO - ACATLAN
ALTA_MEDIA,solo_banavim,HIDALGO - ACAXOCHITLAN
ALTA_MEDIA,solo_banavim,HIDALGO - ACTOPAN
ALTA_MEDIA,solo_banavim,HIDALGO - AJACUBA
ALTA_MEDIA,solo_banavim,HIDALGO - ALFAJAYUCAN
ALTA_MEDIA,solo_banavim,HIDALGO - ALMOLOYA
ALTA_MEDIA,solo_banavim,HIDALGO - APAN
ALTA_MEDIA,solo_banavim,HIDALGO - ATITALAQUIA
ALTA_MEDIA,solo_banavim,HIDALGO - ATOTONILCO DE TULA
ALTA_MEDIA,solo_banavim,HIDALGO - ATOTONILCO EL GRANDE
ALTA_MEDIA,solo_banavim,HIDALGO - CALNALI
ALTA_MEDIA,solo_banavim,HIDALGO - CARDONAL
ALTA_MEDIA,solo_banavim,HIDALGO - CHAPANTONGO
ALTA_MEDIA,solo_banavim,HIDALGO - CHAPULHUACAN
ALTA_MEDIA,solo_banavim,HIDALGO - CHILCUAUTLA
ALTA_MEDIA,solo_banavim,HIDALGO - CUAUTEPEC DE HINOJOSA
ALTA_MEDIA,solo_banavim,HIDALGO - EL ARENAL
ALTA_MEDIA,solo_banavim,HIDALGO - ELOXOCHITLAN
ALTA_MEDIA,solo_banavim,HIDALGO - EMILIANO ZAPATA
ALTA_MEDIA,solo_banavim,HIDALGO - EPAZOYUCAN
ALTA_MEDIA,solo_banavim,HIDALGO - FRANCISCO I MADERO
ALTA_MEDIA,solo_banavim,HIDALGO - HUASCA DE OCAMPO
ALTA_MEDIA,solo_banavim,HIDALGO - HUAUTLA
ALTA_MEDIA,solo_banavim,HIDALGO - HUAZALINGO
ALTA_MEDIA,solo_banavim,HIDALGO - HUEHUETLA
ALTA_MEDIA,solo_banavim,HIDALGO - HUEJUTLA DE REYES
ALTA_MEDIA,solo_banavim,HIDALGO - HUICHAPAN
ALTA_MEDIA,solo_banavim,HIDALGO - IXMIQUILPAN
ALTA_MEDIA,solo_banavim,HIDALGO - JACALA DE LEDEZMA
ALTA_MEDIA,solo_banavim,HIDALGO - LOLOTLA
ALTA_MEDIA,solo_banavim,HIDALGO - METEPEC
ALTA_MEDIA,solo_banavim,HIDALGO - METZTITLAN
ALTA_MEDIA,solo_banavim,HIDALGO - MINERAL DE LA REFORMA
ALTA_MEDIA,solo_banavim,HIDALGO - MINERAL DEL CHICO
ALTA_MEDIA,solo_banavim,HIDALGO - MINERAL DEL MONTE
ALTA_MEDIA,solo_banavim,HIDALGO - MIXQUIAHUALA DE JUAREZ
ALTA_MEDIA,solo_banavim,HIDALGO - MOLANGO DE ESCAMILLA
ALTA_MEDIA,solo_banavim,HIDALGO - NICOLAS FLORES
ALTA_MEDIA,solo_banavim,HIDALGO - OMITLAN DE JUAREZ
ALTA_MEDIA,solo_banavim,HIDALGO - PACHUCA DE SOTO
ALTA_MEDIA,solo_banavim,HIDALGO - PISAFLORES
ALTA_MEDIA,solo_banavim,HIDALGO - SAN AGUSTIN METZQUITITLAN
ALTA_MEDIA,solo_banavim,HIDALGO - SAN AGUSTIN TLAXIACA
ALTA_MEDIA,solo_banavim,HIDALGO - SAN BARTOLO TUTOTEPEC
ALTA_MEDIA,solo_banavim,HIDALGO - SAN FELIPE ORIZATLAN
ALTA_MEDIA,solo_banavim,HIDALGO - SAN SALVADOR
ALTA_MEDIA,solo_banavim,HIDALGO - SANTIAGO DE ANAYA
ALTA_MEDIA,solo_banavim,HIDALGO - SANTIAGO TULANTEPEC DE LUGO GUERRERO
ALTA_MEDIA,solo_banavim,HIDALGO - SINGUILUCAN
ALTA_MEDIA,solo_banavim,HIDALGO - TECOZAUTLA
ALTA_MEDIA,solo_banavim,HIDALGO - TENANGO DE DORIA
ALTA_MEDIA,solo_banavim,HIDALGO - TEPEAPULCO
ALTA_MEDIA,solo_banavim,HIDALGO - TEPEHUACAN DE GUERRERO
ALTA_MEDIA,solo_banavim,HIDALGO - TEPEJI DEL RIO DE OCAMPO
ALTA_MEDIA,solo_banavim,HIDALGO - TEPETITLAN
ALTA_MEDIA,solo_banavim,HIDALGO - TETEPANGO
ALTA_MEDIA,solo_banavim,HIDALGO - TEZONTEPEC DE ALDAMA
ALTA_MEDIA,solo_banavim,HIDALGO - TIZAYUCA
ALTA_MEDIA,solo_banavim,HIDALGO - TLAHUELILPAN
ALTA_MEDIA,solo_banavim,HIDALGO - TLAHUILTEPA
ALTA_MEDIA,solo_banavim,HIDALGO - TLAXCOAPAN
ALTA_MEDIA,solo_banavim,HIDALGO - TOLCAYUCA
ALTA_MEDIA,solo_banavim,HIDALGO - TULA DE ALLENDE
ALTA_MEDIA,solo_banavim,HIDALGO - TULANCINGO DE BRAVO
ALTA_MEDIA,solo_banavim,HIDALGO - VILLA DE TEZONTEPEC
ALTA_MEDIA,solo_banavim,HIDALGO - XOCHIATIPAN
ALTA_MEDIA,solo_banavim,HIDALGO - XOCHICOATLAN
ALTA_MEDIA,solo_banavim,HIDALGO - YAHUALICA
ALTA_MEDIA,solo_banavim,HIDALGO - ZACUALTIPAN DE ANGELES
ALTA_MEDIA,solo_banavim,HIDALGO - ZAPOTLAN DE JUAREZ
ALTA_MEDIA,solo_banavim,HIDALGO - ZEMPOALA
ALTA_MEDIA,solo_banavim,JALISCO - ACATIC
ALTA_MEDIA,solo_banavim,JALISCO - AHUALULCO DE MERCADO
ALTA_MEDIA,solo_banavim,JALISCO - AMATITAN
ALTA_MEDIA,solo_banavim,JALISCO - AMECA
ALTA_MEDIA,solo_banavim,JALISCO - ARANDAS
ALTA_MEDIA,solo_banavim,JALISCO - ATENGO
ALTA_MEDIA,solo_banavim,JALISCO - ATOTONILCO EL ALTO
ALTA_MEDIA,solo_banavim,JALISCO - AUTLAN DE NAVARRO
ALTA_MEDIA,solo_banavim,JALISCO - AYOTLAN
ALTA_MEDIA,solo_banavim,JALISCO - BOLANOS
ALTA_MEDIA,solo_banavim,JALISCO - CABO CORRIENTES
ALTA_MEDIA,solo_banavim,JALISCO - CASIMIRO CASTILLO
ALTA_MEDIA,solo_banavim,JALISCO - CHAPALA
ALTA_MEDIA,solo_banavim,JALISCO - CIHUATLAN
ALTA_MEDIA,solo_banavim,JALISCO - COLOTLAN
ALTA_MEDIA,solo_banavim,JALISCO - CUAUTITLAN DE GARCIA BARRAGAN
ALTA_MEDIA,solo_banavim,JALISCO - CUQUIO
ALTA_MEDIA,solo_banavim,JALISCO - DEGOLLADO
ALTA_MEDIA,solo_banavim,JALISCO - EL ARENAL
ALTA_MEDIA,solo_banavim,JALISCO - EL SALTO
ALTA_MEDIA,solo_banavim,JALISCO - ENCARNACION DE DIAZ
ALTA_MEDIA,solo_banavim,JALISCO - ETZATLAN
ALTA_MEDIA,solo_banavim,JALISCO - GOMEZ FARIAS
ALTA_MEDIA,solo_banavim,JALISCO - GUACHINANGO
ALTA_MEDIA,solo_banavim,JALISCO - GUADALAJARA
ALTA_MEDIA,solo_banavim,JALISCO - HOSTOTIPAQUILLO
ALTA_MEDIA,solo_banavim,JALISCO - HUEJUCAR
ALTA_MEDIA,solo_banavim,JALISCO - IXTLAHUACAN DE LOS MEMBRILLOS
ALTA_MEDIA,solo_banavim,JALISCO - IXTLAHUACAN DEL RIO
ALTA_MEDIA,solo_banavim,JALISCO - JALOSTOTITLAN
ALTA_MEDIA,solo_banavim,JALISCO - JAMAY
ALTA_MEDIA,solo_banavim,JALISCO - JESUS MARIA
ALTA_MEDIA,solo_banavim,JALISCO - JILOTLAN DE LOS DOLORES
ALTA_MEDIA,solo_banavim,JALISCO - JOCOTEPEC
ALTA_MEDIA,solo_banavim,JALISCO - JUANACATLAN
ALTA_MEDIA,solo_banavim,JALISCO - LA BARCA
ALTA_MEDIA,solo_banavim,JALISCO - LA HUERTA
ALTA_MEDIA,solo_banavim,JALISCO - LA MANZANILLA DE LA PAZ
ALTA_MEDIA,solo_banavim,JALISCO - LAGOS DE MORENO
ALTA_MEDIA,solo_banavim,JALISCO - MAGDALENA
ALTA_MEDIA,solo_banavim,JALISCO - MASCOTA
ALTA_MEDIA,solo_banavim,JALISCO - MAZAMITLA
ALTA_MEDIA,solo_banavim,JALISCO - MEZQUITIC
ALTA_MEDIA,solo_banavim,JALISCO - MIXTLAN
ALTA_MEDIA,solo_banavim,JALISCO - OCOTLAN
ALTA_MEDIA,solo_banavim,JALISCO - OJUELOS DE JALISCO
ALTA_MEDIA,solo_banavim,JALISCO - PIHUAMO
ALTA_MEDIA,solo_banavim,JALISCO - PONCITLAN
ALTA_MEDIA,solo_banavim,JALISCO - PUERTO VALLARTA
ALTA_MEDIA,solo_banavim,JALISCO - SAN IGNACIO CERRO GORDO
ALTA_MEDIA,solo_banavim,JALISCO - SAN JUAN DE LOS LAGOS
ALTA_MEDIA,solo_banavim,JALISCO - SAN MARCOS
ALTA_MEDIA,solo_banavim,JALISCO - SAN MARTIN HIDALGO
ALTA_MEDIA,solo_banavim,JALISCO - SAN MIGUEL EL ALTO
ALTA_MEDIA,solo_banavim,JALISCO - SAN PEDRO TLAQUEPAQUE
ALTA_MEDIA,solo_banavim,JALISCO - SANTA MARIA DE LOS ANGELES
ALTA_MEDIA,solo_banavim,JALISCO - SAYULA
ALTA_MEDIA,solo_banavim,JALISCO - TALA
ALTA_MEDIA,solo_banavim,JALISCO - TALPA DE ALLENDE
ALTA_MEDIA,solo_banavim,JALISCO - TAMAZULA DE GORDIANO
ALTA_MEDIA,solo_banavim,JALISCO - TAPALPA
ALTA_MEDIA,solo_banavim,JALISCO - TECOLOTLAN
ALTA_MEDIA,solo_banavim,JALISCO - TEOCALTICHE
ALTA_MEDIA,solo_banavim,JALISCO - TEPATITLAN DE MORELOS
ALTA_MEDIA,solo_banavim,JALISCO - TEQUILA
ALTA_MEDIA,solo_banavim,JALISCO - TEUCHITLAN
ALTA_MEDIA,solo_banavim,JALISCO - TOLIMAN
ALTA_MEDIA,solo_banavim,JALISCO - TOMATLAN
ALTA_MEDIA,solo_banavim,JALISCO - TONALA
ALTA_MEDIA,solo_banavim,JALISCO - TONAYA
ALTA_MEDIA,solo_banavim,JALISCO - TONILA
ALTA_MEDIA,solo_banavim,JALISCO - TOTOTLAN
ALTA_MEDIA,solo_banavim,JALISCO - TUXCUECA
ALTA_MEDIA,solo_banavim,JALISCO - TUXPAN
ALTA_MEDIA,solo_banavim,JALISCO - UNION DE SAN ANTONIO
ALTA_MEDIA,solo_banavim,JALISCO - VALLE DE GUADALUPE
ALTA_MEDIA,solo_banavim,JALISCO - VILLA CORONA
ALTA_MEDIA,solo_banavim,JALISCO - VILLA HIDALGO
ALTA_MEDIA,solo_banavim,JALISCO - VILLA PURIFICACION
ALTA_MEDIA,solo_banavim,JALISCO - YAHUALICA DE GONZALEZ GALLO
ALTA_MEDIA,solo_banavim,JALISCO - ZACOALCO DE TORRES
ALTA_MEDIA,solo_banavim,JALISCO - ZAPOPAN
ALTA_MEDIA,solo_banavim,JALISCO - ZAPOTILTIC
ALTA_MEDIA,solo_banavim,JALISCO - ZAPOTITLAN DE VADILLO
ALTA_MEDIA,solo_banavim,JALISCO - ZAPOTLAN DEL REY
ALTA_MEDIA,solo_banavim,JALISCO - ZAPOTLAN EL GRANDE
ALTA_MEDIA,solo_banavim,JALISCO - ZAPOTLANEJO
ALTA_MEDIA,solo_banavim,MEXICO - ACAMBAY DE RUIZ CASTANEDA
ALTA_MEDIA,solo_banavim,MEXICO - ACOLMAN
ALTA_MEDIA,solo_banavim,MEXICO - ALMOLOYA DE ALQUISIRAS
ALTA_MEDIA,solo_banavim,MEXICO - ALMOLOYA DE JUAREZ
ALTA_MEDIA,solo_banavim,MEXICO - ALMOLOYA DEL RIO
ALTA_MEDIA,solo_banavim,MEXICO - AMECAMECA
ALTA_MEDIA,solo_banavim,MEXICO - APAXCO
ALTA_MEDIA,solo_banavim,MEXICO - ATENCO
ALTA_MEDIA,solo_banavim,MEXICO - ATIZAPAN
ALTA_MEDIA,solo_banavim,MEXICO - ATIZAPAN DE ZARAGOZA
ALTA_MEDIA,solo_banavim,MEXICO - ATLACOMULCO
ALTA_MEDIA,solo_banavim,MEXICO - AXAPUSCO
ALTA_MEDIA,solo_banavim,MEXICO - CALIMAYA
ALTA_MEDIA,solo_banavim,MEXICO - CAPULHUAC
ALTA_MEDIA,solo_banavim,MEXICO - CHALCO
ALTA_MEDIA,solo_banavim,MEXICO - CHAPA DE MOTA
ALTA_MEDIA,solo_banavim,MEXICO - CHAPULTEPEC
ALTA_MEDIA,solo_banavim,MEXICO - CHIAUTLA
ALTA_MEDIA,solo_banavim,MEXICO - CHICOLOAPAN
ALTA_MEDIA,solo_banavim,MEXICO - CHICONCUAC
ALTA_MEDIA,solo_banavim,MEXICO - CHIMALHUACAN
ALTA_MEDIA,solo_banavim,MEXICO - COACALCO DE BERRIOZABAL
ALTA_MEDIA,solo_banavim,MEXICO - COATEPEC HARINAS
ALTA_MEDIA,solo_banavim,MEXICO - COCOTITLAN
ALTA_MEDIA,solo_banavim,MEXICO - COYOTEPEC
ALTA_MEDIA,solo_banavim,MEXICO - CUAUTITLAN
ALTA_MEDIA,solo_banavim,MEXICO - CUAUTITLAN IZCALLI
ALTA_MEDIA,solo_banavim,MEXICO - ECATEPEC DE MORELOS
ALTA_MEDIA,solo_banavim,MEXICO - ECATZINGO
ALTA_MEDIA,solo_banavim,MEXICO - EL ORO
ALTA_MEDIA,solo_banavim,MEXICO - HUEHUETOCA
ALTA_MEDIA,solo_banavim,MEXICO - HUEYPOXTLA
ALTA_MEDIA,solo_banavim,MEXICO - HUIXQUILUCAN
ALTA_MEDIA,solo_banavim,MEXICO - ISIDRO FABELA
ALTA_MEDIA,solo_banavim,MEXICO - IXTAPALUCA
ALTA_MEDIA,solo_banavim,MEXICO - IXTAPAN DE LA SAL
ALTA_MEDIA,solo_banavim,MEXICO - IXTLAHUACA
ALTA_MEDIA,solo_banavim,MEXICO - JALTENCO
ALTA_MEDIA,solo_banavim,MEXICO - JILOTEPEC
ALTA_MEDIA,solo_banavim,MEXICO - JILOTZINGO
ALTA_MEDIA,solo_banavim,MEXICO - JIQUIPILCO
ALTA_MEDIA,solo_banavim,MEXICO - JOCOTITLAN
ALTA_MEDIA,solo_banavim,MEXICO - LA PAZ
ALTA_MEDIA,solo_banavim,MEXICO - LERMA
ALTA_MEDIA,solo_banavim,MEXICO - LUVIANOS
ALTA_MEDIA,solo_banavim,MEXICO - MALINALCO
ALTA_MEDIA,solo_banavim,MEXICO - MELCHOR OCAMPO
ALTA_MEDIA,solo_banavim,MEXICO - METEPEC
ALTA_MEDIA,solo_banavim,MEXICO - MEXICALTZINGO
ALTA_MEDIA,solo_banavim,MEXICO - MORELOS
ALTA_MEDIA,solo_banavim,MEXICO - NAUCALPAN DE JUAREZ
ALTA_MEDIA,solo_banavim,MEXICO - NEXTLALPAN
ALTA_MEDIA,solo_banavim,MEXICO - NEZAHUALCOYOTL
ALTA_MEDIA,solo_banavim,MEXICO - NICOLAS ROMERO
ALTA_MEDIA,solo_banavim,MEXICO - NOPALTEPEC
ALTA_MEDIA,solo_banavim,MEXICO - OCOYOACAC
ALTA_MEDIA,solo_banavim,MEXICO - OCUILAN
ALTA_MEDIA,solo_banavim,MEXICO - OTUMBA
ALTA_MEDIA,solo_banavim,MEXICO - OTZOLOTEPEC
ALTA_MEDIA,solo_banavim,MEXICO - POLOTITLAN
ALTA_MEDIA,solo_banavim,MEXICO - RAYON
ALTA_MEDIA,solo_banavim,MEXICO - SAN ANTONIO LA ISLA
ALTA_MEDIA,solo_banavim,MEXICO - SAN FELIPE DEL PROGRESO
ALTA_MEDIA,solo_banavim,MEXICO - SAN JOSE DEL RINCON
ALTA_MEDIA,solo_banavim,MEXICO - SAN MARTIN DE LAS PIRAMIDES
ALTA_MEDIA,solo_banavim,MEXICO - SAN MATEO ATENCO
ALTA_MEDIA,solo_banavim,MEXICO - TECAMAC
ALTA_MEDIA,solo_banavim,MEXICO - TEJUPILCO
ALTA_MEDIA,solo_banavim,MEXICO - TEMASCALAPA
ALTA_MEDIA,solo_banavim,MEXICO - TEMASCALCINGO
ALTA_MEDIA,solo_banavim,MEXICO - TEMASCALTEPEC
ALTA_MEDIA,solo_banavim,MEXICO - TEMOAYA
ALTA_MEDIA,solo_banavim,MEXICO - TENANCINGO
ALTA_MEDIA,solo_banavim,MEXICO - TENANGO DEL AIRE
ALTA_MEDIA,solo_banavim,MEXICO - TENANGO DEL VALLE
ALTA_MEDIA,solo_banavim,MEXICO - TEOLOYUCAN
ALTA_MEDIA,solo_banavim,MEXICO - TEOTIHUACAN
ALTA_MEDIA,solo_banavim,MEXICO - TEPOTZOTLAN
ALTA_MEDIA,solo_banavim,MEXICO - TEQUIXQUIAC
ALTA_MEDIA,solo_banavim,MEXICO - TEXCALTITLAN
ALTA_MEDIA,solo_banavim,MEXICO - TEXCALYACAC
ALTA_MEDIA,solo_banavim,MEXICO - TEXCOCO
ALTA_MEDIA,solo_banavim,MEXICO - TEZOYUCA
ALTA_MEDIA,solo_banavim,MEXICO - TIANGUISTENCO
ALTA_MEDIA,solo_banavim,MEXICO - TLALMANALCO
ALTA_MEDIA,solo_banavim,MEXICO - TLALNEPANTLA DE BAZ
ALTA_MEDIA,solo_banavim,MEXICO - TOLUCA
ALTA_MEDIA,solo_banavim,MEXICO - TONANITLA
ALTA_MEDIA,solo_banavim,MEXICO - TONATICO
ALTA_MEDIA,solo_banavim,MEXICO - TULTEPEC
ALTA_MEDIA,solo_banavim,MEXICO - TULTITLAN
ALTA_MEDIA,solo_banavim,MEXICO - VALLE DE BRAVO
ALTA_MEDIA,solo_banavim,MEXICO - VALLE DE CHALCO SOLIDARIDAD
ALTA_MEDIA,solo_banavim,MEXICO - VILLA DE ALLENDE
ALTA_MEDIA,solo_banavim,MEXICO - VILLA DEL CARBON
ALTA_MEDIA,solo_banavim,MEXICO - VILLA GUERRERO
ALTA_MEDIA,solo_banavim,MEXICO - VILLA VICTORIA
ALTA_MEDIA,solo_banavim,MEXICO - XALATLACO
ALTA_MEDIA,solo_banavim,MEXICO - XONACATLAN
ALTA_MEDIA,solo_banavim,MEXICO - ZINACANTEPEC
ALTA_MEDIA,solo_banavim,MEXICO - ZUMPANGO
ALTA_MEDIA,solo_banavim,MICHOACAN - ACUITZIO
ALTA_MEDIA,solo_banavim,MICHOACAN - ALVARO OBREGON
ALTA_MEDIA,solo_banavim,MICHOACAN - ANGAMACUTIRO
ALTA_MEDIA,solo_banavim,MICHOACAN - BUENAVISTA
ALTA_MEDIA,solo_banavim,MICHOACAN - CHARO
ALTA_MEDIA,solo_banavim,MICHOACAN - CHILCHOTA
ALTA_MEDIA,solo_banavim,MICHOACAN - COENEO
ALTA_MEDIA,solo_banavim,MICHOACAN - COPANDARO
ALTA_MEDIA,solo_banavim,MICHOACAN - COTIJA
ALTA_MEDIA,solo_banavim,MICHOACAN - CUITZEO
ALTA_MEDIA,solo_banavim,MICHOACAN - ERONGARICUARO
ALTA_MEDIA,solo_banavim,MICHOACAN - HIDALGO
ALTA_MEDIA,solo_banavim,MICHOACAN - HUANDACAREO
ALTA_MEDIA,solo_banavim,MICHOACAN - HUETAMO
ALTA_MEDIA,solo_banavim,MICHOACAN - INDAPARAPEO
ALTA_MEDIA,solo_banavim,MICHOACAN - IRIMBO
ALTA_MEDIA,solo_banavim,MICHOACAN - JACONA
ALTA_MEDIA,solo_banavim,MICHOACAN - JIMENEZ
ALTA_MEDIA,solo_banavim,MICHOACAN - JIQUILPAN
ALTA_MEDIA,solo_banavim,MICHOACAN - JOSE SIXTO VERDUZCO
ALTA_MEDIA,solo_banavim,MICHOACAN - JUNGAPEO
ALTA_MEDIA,solo_banavim,MICHOACAN - LA PIEDAD
ALTA_MEDIA,solo_banavim,MICHOACAN - LAGUNILLAS
ALTA_MEDIA,solo_banavim,MICHOACAN - LAZARO CARDENAS
ALTA_MEDIA,solo_banavim,MICHOACAN - MADERO
ALTA_MEDIA,solo_banavim,MICHOACAN - MORELIA
ALTA_MEDIA,solo_banavim,MICHOACAN - MORELOS
ALTA_MEDIA,solo_banavim,MICHOACAN - MUGICA
ALTA_MEDIA,solo_banavim,MICHOACAN - NAHUATZEN
ALTA_MEDIA,solo_banavim,MICHOACAN - PARACHO
ALTA_MEDIA,solo_banavim,MICHOACAN - PARACUARO
ALTA_MEDIA,solo_banavim,MICHOACAN - PATZCUARO
ALTA_MEDIA,solo_banavim,MICHOACAN - PUREPERO
ALTA_MEDIA,solo_banavim,MICHOACAN - PURUANDIRO
ALTA_MEDIA,solo_banavim,MICHOACAN - QUERENDARO
ALTA_MEDIA,solo_banavim,MICHOACAN - QUIROGA
ALTA_MEDIA,solo_banavim,MICHOACAN - SAHUAYO
ALTA_MEDIA,solo_banavim,MICHOACAN - SANTA ANA MAYA
ALTA_MEDIA,solo_banavim,MICHOACAN - TACAMBARO
ALTA_MEDIA,solo_banavim,MICHOACAN - TANGAMANDAPIO
ALTA_MEDIA,solo_banavim,MICHOACAN - TANGANCICUARO
ALTA_MEDIA,solo_banavim,MICHOACAN - TANHUATO
ALTA_MEDIA,solo_banavim,MICHOACAN - TARIMBARO
ALTA_MEDIA,solo_banavim,MICHOACAN - TLALPUJAHUA
ALTA_MEDIA,solo_banavim,MICHOACAN - TLAZAZALCA
ALTA_MEDIA,solo_banavim,MICHOACAN - TURICATO
ALTA_MEDIA,solo_banavim,MICHOACAN - TZINTZUNTZAN
ALTA_MEDIA,solo_banavim,MICHOACAN - TZITZIO
ALTA_MEDIA,solo_banavim,MICHOACAN - URUAPAN
ALTA_MEDIA,solo_banavim,MICHOACAN - VENUSTIANO CARRANZA
ALTA_MEDIA,solo_banavim,MICHOACAN - VILLAMAR
ALTA_MEDIA,solo_banavim,MICHOACAN - YURECUARO
ALTA_MEDIA,solo_banavim,MICHOACAN - ZACAPU
ALTA_MEDIA,solo_banavim,MICHOACAN - ZAMORA
ALTA_MEDIA,solo_banavim,MICHOACAN - ZINAPECUARO
ALTA_MEDIA,solo_banavim,MICHOACAN - ZITACUARO
ALTA_MEDIA,solo_banavim,MORELOS - AMACUZAC
ALTA_MEDIA,solo_banavim,MORELOS - ATLATLAHUCAN
ALTA_MEDIA,solo_banavim,MORELOS - AXOCHIAPAN
ALTA_MEDIA,solo_banavim,MORELOS - AYALA
ALTA_MEDIA,solo_banavim,MORELOS - COATLAN DEL RIO
ALTA_MEDIA,solo_banavim,MORELOS - CUAUTLA
ALTA_MEDIA,solo_banavim,MORELOS - CUERNAVACA
ALTA_MEDIA,solo_banavim,MORELOS - EMILIANO ZAPATA
ALTA_MEDIA,solo_banavim,MORELOS - HUITZILAC
ALTA_MEDIA,solo_banavim,MORELOS - JANTETELCO
ALTA_MEDIA,solo_banavim,MORELOS - JIUTEPEC
ALTA_MEDIA,solo_banavim,MORELOS - JOJUTLA
ALTA_MEDIA,solo_banavim,MORELOS - JONACATEPEC DE LEANDRO VALLE
ALTA_MEDIA,solo_banavim,MORELOS - MAZATEPEC
ALTA_MEDIA,solo_banavim,MORELOS - MIACATLAN
ALTA_MEDIA,solo_banavim,MORELOS - OCUITUCO
ALTA_MEDIA,solo_banavim,MORELOS - PUENTE DE IXTLA
ALTA_MEDIA,solo_banavim,MORELOS - TEMOAC
ALTA_MEDIA,solo_banavim,MORELOS - TEPALCINGO
ALTA_MEDIA,solo_banavim,MORELOS - TEPOZTLAN
ALTA_MEDIA,solo_banavim,MORELOS - TETECALA
ALTA_MEDIA,solo_banavim,MORELOS - TLALNEPANTLA
ALTA_MEDIA,solo_banavim,MORELOS - TLALTIZAPAN DE ZAPATA
ALTA_MEDIA,solo_banavim,MORELOS - TLAQUILTENANGO
ALTA_MEDIA,solo_banavim,MORELOS - TLAYACAPAN
ALTA_MEDIA,solo_banavim,MORELOS - TOTOLAPAN
ALTA_MEDIA,solo_banavim,MORELOS - XOCHITEPEC
ALTA_MEDIA,solo_banavim,MORELOS - YAUTEPEC
ALTA_MEDIA,solo_banavim,MORELOS - YECAPIXTLA
ALTA_MEDIA,solo_banavim,MORELOS - ZACATEPEC
ALTA_MEDIA,solo_banavim,MORELOS - ZACUALPAN DE AMILPAS
ALTA_MEDIA,solo_banavim,NAYARIT - ACAPONETA
ALTA_MEDIA,solo_banavim,NAYARIT - AHUACATLAN
ALTA_MEDIA,solo_banavim,NAYARIT - BAHIA DE BANDERAS
ALTA_MEDIA,solo_banavim,NAYARIT - COMPOSTELA
ALTA_MEDIA,solo_banavim,NAYARIT - DEL NAYAR
ALTA_MEDIA,solo_banavim,NAYARIT - HUAJICORI
ALTA_MEDIA,solo_banavim,NAYARIT - IXTLAN DEL RIO
ALTA_MEDIA,solo_banavim,NAYARIT - JALA
ALTA_MEDIA,solo_banavim,NAYARIT - ROSAMORADA
ALTA_MEDIA,solo_banavim,NAYARIT - RUIZ
ALTA_MEDIA,solo_banavim,NAYARIT - SAN BLAS
ALTA_MEDIA,solo_banavim,NAYARIT - SANTA MARIA DEL ORO
ALTA_MEDIA,solo_banavim,NAYARIT - TEPIC
ALTA_MEDIA,solo_banavim,NAYARIT - XALISCO
ALTA_MEDIA,solo_banavim,NUEVO LEON - ALLENDE
ALTA_MEDIA,solo_banavim,NUEVO LEON - ANAHUAC
ALTA_MEDIA,solo_banavim,NUEVO LEON - APODACA
ALTA_MEDIA,solo_banavim,NUEVO LEON - ARAMBERRI
ALTA_MEDIA,solo_banavim,NUEVO LEON - BUSTAMANTE
ALTA_MEDIA,solo_banavim,NUEVO LEON - CADEREYTA JIMENEZ
ALTA_MEDIA,solo_banavim,NUEVO LEON - CERRALVO
ALTA_MEDIA,solo_banavim,NUEVO LEON - CIENEGA DE FLORES
ALTA_MEDIA,solo_banavim,NUEVO LEON - DOCTOR ARROYO
ALTA_MEDIA,solo_banavim,NUEVO LEON - DOCTOR COSS
ALTA_MEDIA,solo_banavim,NUEVO LEON - EL CARMEN
ALTA_MEDIA,solo_banavim,NUEVO LEON - GALEANA
ALTA_MEDIA,solo_banavim,NUEVO LEON - GARCIA
ALTA_MEDIA,solo_banavim,NUEVO LEON - GENERAL BRAVO
ALTA_MEDIA,solo_banavim,NUEVO LEON - GENERAL ESCOBEDO
ALTA_MEDIA,solo_banavim,NUEVO LEON - GENERAL TREVINO
ALTA_MEDIA,solo_banavim,NUEVO LEON - GENERAL ZARAGOZA
ALTA_MEDIA,solo_banavim,NUEVO LEON - GENERAL ZUAZUA
ALTA_MEDIA,solo_banavim,NUEVO LEON - GUADALUPE
ALTA_MEDIA,solo_banavim,NUEVO LEON - HIDALGO
ALTA_MEDIA,solo_banavim,NUEVO LEON - JUAREZ
ALTA_MEDIA,solo_banavim,NUEVO LEON - LINARES
ALTA_MEDIA,solo_banavim,NUEVO LEON - LOS RAMONES
ALTA_MEDIA,solo_banavim,NUEVO LEON - MIER Y NORIEGA
ALTA_MEDIA,solo_banavim,NUEVO LEON - MINA
ALTA_MEDIA,solo_banavim,NUEVO LEON - MONTEMORELOS
ALTA_MEDIA,solo_banavim,NUEVO LEON - MONTERREY
ALTA_MEDIA,solo_banavim,NUEVO LEON - PESQUERIA
ALTA_MEDIA,solo_banavim,NUEVO LEON - SABINAS HIDALGO
ALTA_MEDIA,solo_banavim,NUEVO LEON - SALINAS VICTORIA
ALTA_MEDIA,solo_banavim,NUEVO LEON - SAN NICOLAS DE LOS GARZA
ALTA_MEDIA,solo_banavim,NUEVO LEON - SAN PEDRO GARZA GARCIA
ALTA_MEDIA,solo_banavim,NUEVO LEON - SANTA CATARINA
ALTA_MEDIA,solo_banavim,NUEVO LEON - SANTIAGO
ALTA_MEDIA,solo_banavim,OAXACA - ACATLAN DE PEREZ FIGUEROA
ALTA_MEDIA,solo_banavim,OAXACA - ANIMAS TRUJANO
ALTA_MEDIA,solo_banavim,OAXACA - ASUNCION IXTALTEPEC
ALTA_MEDIA,solo_banavim,OAXACA - ASUNCION NOCHIXTLAN
ALTA_MEDIA,solo_banavim,OAXACA - CIUDAD IXTEPEC
ALTA_MEDIA,solo_banavim,OAXACA - CONCEPCION BUENAVISTA
ALTA_MEDIA,solo_banavim,OAXACA - CUILAPAM DE GUERRERO
ALTA_MEDIA,solo_banavim,OAXACA - EL ESPINAL
ALTA_MEDIA,solo_banavim,OAXACA - HEROICA CIUDAD DE EJUTLA DE CRESPO
ALTA_MEDIA,solo_banavim,OAXACA - HEROICA CIUDAD DE HUAJUAPAN DE LEON
ALTA_MEDIA,solo_banavim,OAXACA - HEROICA CIUDAD DE JUCHITAN DE ZARAGOZA
ALTA_MEDIA,solo_banavim,OAXACA - HEROICA CIUDAD DE TLAXIACO
ALTA_MEDIA,solo_banavim,OAXACA - HEROICA VILLA TEZOATLAN DE SEGURA Y LUNA CUNA DE LA INDEPENDENCIA DE OAXACA
ALTA_MEDIA,solo_banavim,OAXACA - IXTLAN DE JUAREZ
ALTA_MEDIA,solo_banavim,OAXACA - MARISCALA DE JUAREZ
ALTA_MEDIA,solo_banavim,OAXACA - MAZATLAN VILLA DE FLORES
ALTA_MEDIA,solo_banavim,OAXACA - NAZARENO ETLA
ALTA_MEDIA,solo_banavim,OAXACA - OAXACA DE JUAREZ
ALTA_MEDIA,solo_banavim,OAXACA - SAN AGUSTIN DE LAS JUNTAS
ALTA_MEDIA,solo_banavim,OAXACA - SAN AGUSTIN LOXICHA
ALTA_MEDIA,solo_banavim,OAXACA - SAN ANDRES HUAYAPAM
ALTA_MEDIA,solo_banavim,OAXACA - SAN ANTONIO DE LA CAL
ALTA_MEDIA,solo_banavim,OAXACA - SAN BARTOLO COYOTEPEC
ALTA_MEDIA,solo_banavim,OAXACA - SAN FRANCISCO IXHUATAN
ALTA_MEDIA,solo_banavim,OAXACA - SAN FRANCISCO TELIXTLAHUACA
ALTA_MEDIA,solo_banavim,OAXACA - SAN ILDEFONSO VILLA ALTA
ALTA_MEDIA,solo_banavim,OAXACA - SAN JOSE DEL PROGRESO
ALTA_MEDIA,solo_banavim,OAXACA - SAN JUAN BAUTISTA TUXTEPEC
ALTA_MEDIA,solo_banavim,OAXACA - SAN JUAN GUELAVIA
ALTA_MEDIA,solo_banavim,OAXACA - SAN JUAN GUICHICOVI
ALTA_MEDIA,solo_banavim,OAXACA - SAN JUAN OZOLOTEPEC
ALTA_MEDIA,solo_banavim,OAXACA - SAN LUCAS QUIAVINI
ALTA_MEDIA,solo_banavim,OAXACA - SAN MIGUEL PERAS
ALTA_MEDIA,solo_banavim,OAXACA - SAN PABLO ETLA
ALTA_MEDIA,solo_banavim,OAXACA - SAN PABLO VILLA DE MITLA
ALTA_MEDIA,solo_banavim,OAXACA - SAN PEDRO IXTLAHUACA
ALTA_MEDIA,solo_banavim,OAXACA - SAN PEDRO NOPALA
ALTA_MEDIA,solo_banavim,OAXACA - SAN PEDRO SOCHIAPAM
ALTA_MEDIA,solo_banavim,OAXACA - SAN PEDRO Y SAN PABLO AYUTLA
ALTA_MEDIA,solo_banavim,OAXACA - SAN PEDRO Y SAN PABLO TEPOSCOLULA
ALTA_MEDIA,solo_banavim,OAXACA - SAN PEDRO YOLOX
ALTA_MEDIA,solo_banavim,OAXACA - SAN RAYMUNDO JALPAN
ALTA_MEDIA,solo_banavim,OAXACA - SAN SEBASTIAN TUTLA
ALTA_MEDIA,solo_banavim,OAXACA - SANTA CATARINA JUQUILA
ALTA_MEDIA,solo_banavim,OAXACA - SANTA CATARINA QUIANE
ALTA_MEDIA,solo_banavim,OAXACA - SANTA CRUZ AMILPAS
ALTA_MEDIA,solo_banavim,OAXACA - SANTA CRUZ XOXOCOTLAN
ALTA_MEDIA,solo_banavim,OAXACA - SANTA LUCIA DEL CAMINO
ALTA_MEDIA,solo_banavim,OAXACA - SANTA MAGDALENA JICOTLAN
ALTA_MEDIA,solo_banavim,OAXACA - SANTA MARIA DEL TULE
ALTA_MEDIA,solo_banavim,OAXACA - SANTA MARIA HUATULCO
ALTA_MEDIA,solo_banavim,OAXACA - SANTA MARIA JACATEPEC
ALTA_MEDIA,solo_banavim,OAXACA - SANTA MARIA JALAPA DEL MARQUES
ALTA_MEDIA,solo_banavim,OAXACA - SANTA MARIA PENOLES
ALTA_MEDIA,solo_banavim,OAXACA - SANTA MARIA XADANI
ALTA_MEDIA,solo_banavim,OAXACA - SANTA MARIA YALINA
ALTA_MEDIA,solo_banavim,OAXACA - SANTIAGO JUXTLAHUACA
ALTA_MEDIA,solo_banavim,OAXACA - SANTIAGO LACHIGUIRI
ALTA_MEDIA,solo_banavim,OAXACA - SANTIAGO SUCHILQUITONGO
ALTA_MEDIA,solo_banavim,OAXACA - SANTIAGO TEXTITLAN
ALTA_MEDIA,solo_banavim,OAXACA - SANTO DOMINGO TEHUANTEPEC
ALTA_MEDIA,solo_banavim,OAXACA - SOLEDAD ETLA
ALTA_MEDIA,solo_banavim,OAXACA - TLACOLULA DE MATAMOROS
ALTA_MEDIA,solo_banavim,OAXACA - TLALIXTAC DE CABRERA
ALTA_MEDIA,solo_banavim,OAXACA - TOTONTEPEC VILLA DE MORELOS
ALTA_MEDIA,solo_banavim,OAXACA - TRINIDAD ZAACHILA
ALTA_MEDIA,solo_banavim,OAXACA - VILLA DE ZAACHILA
ALTA_MEDIA,solo_banavim,OAXACA - VILLA SOLA DE VEGA
ALTA_MEDIA,solo_banavim,OAXACA - VILLA TALEA DE CASTRO
ALTA_MEDIA,solo_banavim,OAXACA - ZIMATLAN DE ALVAREZ
ALTA_MEDIA,solo_banavim,PUEBLA - ACAJETE
ALTA_MEDIA,solo_banavim,PUEBLA - ACATZINGO
ALTA_MEDIA,solo_banavim,PUEBLA - AHUACATLAN
ALTA_MEDIA,solo_banavim,PUEBLA - AHUAZOTEPEC
ALTA_MEDIA,solo_banavim,PUEBLA - AJALPAN
ALTA_MEDIA,solo_banavim,PUEBLA - AMIXTLAN
ALTA_MEDIA,solo_banavim,PUEBLA - AMOZOC
ALTA_MEDIA,solo_banavim,PUEBLA - ATEMPAN
ALTA_MEDIA,solo_banavim,PUEBLA - ATLIXCO
ALTA_MEDIA,solo_banavim,PUEBLA - ATOYATEMPAN
ALTA_MEDIA,solo_banavim,PUEBLA - ATZITZIHUACAN
ALTA_MEDIA,solo_banavim,PUEBLA - CALPAN
ALTA_MEDIA,solo_banavim,PUEBLA - CHALCHICOMULA DE SESMA
ALTA_MEDIA,solo_banavim,PUEBLA - CHAPULCO
ALTA_MEDIA,solo_banavim,PUEBLA - CHIAUTLA
ALTA_MEDIA,solo_banavim,PUEBLA - CHIAUTZINGO
ALTA_MEDIA,solo_banavim,PUEBLA - CHICHIQUILA
ALTA_MEDIA,solo_banavim,PUEBLA - CORONANGO
ALTA_MEDIA,solo_banavim,PUEBLA - COXCATLAN
ALTA_MEDIA,solo_banavim,PUEBLA - COYOMEAPAN
ALTA_MEDIA,solo_banavim,PUEBLA - COYOTEPEC
ALTA_MEDIA,solo_banavim,PUEBLA - CUAUTLANCINGO
ALTA_MEDIA,solo_banavim,PUEBLA - CUETZALAN DEL PROGRESO
ALTA_MEDIA,solo_banavim,PUEBLA - CUYOACO
ALTA_MEDIA,solo_banavim,PUEBLA - DOMINGO ARENAS
ALTA_MEDIA,solo_banavim,PUEBLA - HUAQUECHULA
ALTA_MEDIA,solo_banavim,PUEBLA - HUATLATLAUCA
ALTA_MEDIA,solo_banavim,PUEBLA - HUAUCHINANGO
ALTA_MEDIA,solo_banavim,PUEBLA - HUEHUETLAN EL GRANDE
ALTA_MEDIA,solo_banavim,PUEBLA - HUEJOTZINGO
ALTA_MEDIA,solo_banavim,PUEBLA - HUEYAPAN
ALTA_MEDIA,solo_banavim,PUEBLA - HUEYTLALPAN
ALTA_MEDIA,solo_banavim,PUEBLA - IZUCAR DE MATAMOROS
ALTA_MEDIA,solo_banavim,PUEBLA - JONOTLA
ALTA_MEDIA,solo_banavim,PUEBLA - JUAN C BONILLA
ALTA_MEDIA,solo_banavim,PUEBLA - LIBRES
ALTA_MEDIA,solo_banavim,PUEBLA - LOS REYES DE JUAREZ
ALTA_MEDIA,solo_banavim,PUEBLA - MAZAPILTEPEC DE JUAREZ
ALTA_MEDIA,solo_banavim,PUEBLA - NEALTICAN
ALTA_MEDIA,solo_banavim,PUEBLA - NOPALUCAN
ALTA_MEDIA,solo_banavim,PUEBLA - OCOYUCAN
ALTA_MEDIA,solo_banavim,PUEBLA - ORIENTAL
ALTA_MEDIA,solo_banavim,PUEBLA - PAHUATLAN
ALTA_MEDIA,solo_banavim,PUEBLA - PALMAR DE BRAVO
ALTA_MEDIA,solo_banavim,PUEBLA - PETLALCINGO
ALTA_MEDIA,solo_banavim,PUEBLA - PUEBLA
ALTA_MEDIA,solo_banavim,PUEBLA - QUECHOLAC
ALTA_MEDIA,solo_banavim,PUEBLA - RAFAEL LARA GRAJALES
ALTA_MEDIA,solo_banavim,PUEBLA - SAN ANDRES CHOLULA
ALTA_MEDIA,solo_banavim,PUEBLA - SAN GABRIEL CHILAC
ALTA_MEDIA,solo_banavim,PUEBLA - SAN GREGORIO ATZOMPA
ALTA_MEDIA,solo_banavim,PUEBLA - SAN JERONIMO TECUANIPAN
ALTA_MEDIA,solo_banavim,PUEBLA - SAN JOSE CHIAPA
ALTA_MEDIA,solo_banavim,PUEBLA - SAN MARTIN TEXMELUCAN
ALTA_MEDIA,solo_banavim,PUEBLA - SAN MIGUEL XOXTLA
ALTA_MEDIA,solo_banavim,PUEBLA - SAN PEDRO CHOLULA
ALTA_MEDIA,solo_banavim,PUEBLA - SAN SALVADOR EL SECO
ALTA_MEDIA,solo_banavim,PUEBLA - SAN SALVADOR EL VERDE
ALTA_MEDIA,solo_banavim,PUEBLA - SAN SALVADOR HUIXCOLOTLA
ALTA_MEDIA,solo_banavim,PUEBLA - SAN SEBASTIAN TLACOTEPEC
ALTA_MEDIA,solo_banavim,PUEBLA - SANTA ISABEL CHOLULA
ALTA_MEDIA,solo_banavim,PUEBLA - SANTO TOMAS HUEYOTLIPAN
ALTA_MEDIA,solo_banavim,PUEBLA - TECALI DE HERRERA
ALTA_MEDIA,solo_banavim,PUEBLA - TECAMACHALCO
ALTA_MEDIA,solo_banavim,PUEBLA - TEHUACAN
ALTA_MEDIA,solo_banavim,PUEBLA - TEPANCO DE LOPEZ
ALTA_MEDIA,solo_banavim,PUEBLA - TEPATLAXCO DE HIDALGO
ALTA_MEDIA,solo_banavim,PUEBLA - TEPEACA
ALTA_MEDIA,solo_banavim,PUEBLA - TEPETZINTLA
ALTA_MEDIA,solo_banavim,PUEBLA - TEPEXI DE RODRIGUEZ
ALTA_MEDIA,solo_banavim,PUEBLA - TEPEYAHUALCO
ALTA_MEDIA,solo_banavim,PUEBLA - TIANGUISMANALCO
ALTA_MEDIA,solo_banavim,PUEBLA - TLACHICHUCA
ALTA_MEDIA,solo_banavim,PUEBLA - TLACOTEPEC DE BENITO JUAREZ
ALTA_MEDIA,solo_banavim,PUEBLA - TLAPACOYA
ALTA_MEDIA,solo_banavim,PUEBLA - TOCHIMILCO
ALTA_MEDIA,solo_banavim,PUEBLA - TOCHTEPEC
ALTA_MEDIA,solo_banavim,PUEBLA - TULCINGO
ALTA_MEDIA,solo_banavim,PUEBLA - XICOTEPEC
ALTA_MEDIA,solo_banavim,PUEBLA - ZACAPOAXTLA
ALTA_MEDIA,solo_banavim,PUEBLA - ZACATLAN
ALTA_MEDIA,solo_banavim,PUEBLA - ZAPOTITLAN
ALTA_MEDIA,solo_banavim,PUEBLA - ZARAGOZA
ALTA_MEDIA,solo_banavim,PUEBLA - ZAUTLA
ALTA_MEDIA,solo_banavim,PUEBLA - ZINACATEPEC
ALTA_MEDIA,solo_banavim,PUEBLA - ZOQUITLAN
ALTA_MEDIA,solo_banavim,QUERETARO - AMEALCO DE BONFIL
ALTA_MEDIA,solo_banavim,QUERETARO - CADEREYTA DE MONTES
ALTA_MEDIA,solo_banavim,QUERETARO - EL MARQUES
ALTA_MEDIA,solo_banavim,QUERETARO - LANDA DE MATAMOROS
ALTA_MEDIA,solo_banavim,QUERETARO - PEDRO ESCOBEDO
ALTA_MEDIA,solo_banavim,QUERETARO - PINAL DE AMOLES
ALTA_MEDIA,solo_banavim,QUERETARO - QUERETARO
ALTA_MEDIA,solo_banavim,QUERETARO - SAN JUAN DEL RIO
ALTA_MEDIA,solo_banavim,QUERETARO - TEQUISQUIAPAN
ALTA_MEDIA,solo_banavim,QUINTANA ROO - BACALAR
ALTA_MEDIA,solo_banavim,QUINTANA ROO - BENITO JUAREZ
ALTA_MEDIA,solo_banavim,QUINTANA ROO - COZUMEL
ALTA_MEDIA,solo_banavim,QUINTANA ROO - FELIPE CARRILLO PUERTO
ALTA_MEDIA,solo_banavim,QUINTANA ROO - ISLA MUJERES
ALTA_MEDIA,solo_banavim,QUINTANA ROO - JOSE MARIA MORELOS
ALTA_MEDIA,solo_banavim,QUINTANA ROO - LAZARO CARDENAS
ALTA_MEDIA,solo_banavim,QUINTANA ROO - PUERTO MORELOS
ALTA_MEDIA,solo_banavim,QUINTANA ROO - SOLIDARIDAD
ALTA_MEDIA,solo_banavim,QUINTANA ROO - TULUM
ALTA_MEDIA,solo_banavim,SAN LUIS POTOSI - AQUISMON
ALTA_MEDIA,solo_banavim,SAN LUIS POTOSI - AXTLA DE TERRAZAS
ALTA_MEDIA,solo_banavim,SAN LUIS POTOSI - CARDENAS
ALTA_MEDIA,solo_banavim,SAN LUIS POTOSI - CATORCE
ALTA_MEDIA,solo_banavim,SAN LUIS POTOSI - CEDRAL
ALTA_MEDIA,solo_banavim,SAN LUIS POTOSI - CERRITOS
ALTA_MEDIA,solo_banavim,SAN LUIS POTOSI - CHARCAS
ALTA_MEDIA,solo_banavim,SAN LUIS POTOSI - CIUDAD DEL MAIZ
ALTA_MEDIA,solo_banavim,SAN LUIS POTOSI - CIUDAD FERNANDEZ
ALTA_MEDIA,solo_banavim,SAN LUIS POTOSI - CIUDAD VALLES
ALTA_MEDIA,solo_banavim,SAN LUIS POTOSI - GUADALCAZAR
ALTA_MEDIA,solo_banavim,SAN LUIS POTOSI - HUEHUETLAN
ALTA_MEDIA,solo_banavim,SAN LUIS POTOSI - LAGUNILLAS
ALTA_MEDIA,solo_banavim,SAN LUIS POTOSI - MATEHUALA
ALTA_MEDIA,solo_banavim,SAN LUIS POTOSI - MATLAPA
ALTA_MEDIA,solo_banavim,SAN LUIS POTOSI - MEXQUITIC DE CARMONA
ALTA_MEDIA,solo_banavim,SAN LUIS POTOSI - MOCTEZUMA
ALTA_MEDIA,solo_banavim,SAN LUIS POTOSI - RAYON
ALTA_MEDIA,solo_banavim,SAN LUIS POTOSI - RIOVERDE
ALTA_MEDIA,solo_banavim,SAN LUIS POTOSI - SALINAS
ALTA_MEDIA,solo_banavim,SAN LUIS POTOSI - SAN ANTONIO
ALTA_MEDIA,solo_banavim,SAN LUIS POTOSI - SAN CIRO DE ACOSTA
ALTA_MEDIA,solo_banavim,SAN LUIS POTOSI - SAN LUIS POTOSI
ALTA_MEDIA,solo_banavim,SAN LUIS POTOSI - SAN NICOLAS TOLENTINO
ALTA_MEDIA,solo_banavim,SAN LUIS POTOSI - SAN VICENTE TANCUAYALAB
ALTA_MEDIA,solo_banavim,SAN LUIS POTOSI - SANTA CATARINA
ALTA_MEDIA,solo_banavim,SAN LUIS POTOSI - SANTA MARIA DEL RIO
ALTA_MEDIA,solo_banavim,SAN LUIS POTOSI - SANTO DOMINGO
ALTA_MEDIA,solo_banavim,SAN LUIS POTOSI - SOLEDAD DE GRACIANO SANCHEZ
ALTA_MEDIA,solo_banavim,SAN LUIS POTOSI - TAMASOPO
ALTA_MEDIA,solo_banavim,SAN LUIS POTOSI - TAMAZUNCHALE
ALTA_MEDIA,solo_banavim,SAN LUIS POTOSI - TAMPACAN
ALTA_MEDIA,solo_banavim,SAN LUIS POTOSI - TAMPAMOLON CORONA
ALTA_MEDIA,solo_banavim,SAN LUIS POTOSI - TAMUIN
ALTA_MEDIA,solo_banavim,SAN LUIS POTOSI - TANCANHUITZ
ALTA_MEDIA,solo_banavim,SAN LUIS POTOSI - TANLAJAS
ALTA_MEDIA,solo_banavim,SAN LUIS POTOSI - TANQUIAN DE ESCOBEDO
ALTA_MEDIA,solo_banavim,SAN LUIS POTOSI - VANEGAS
ALTA_MEDIA,solo_banavim,SAN LUIS POTOSI - VILLA DE ARISTA
ALTA_MEDIA,solo_banavim,SAN LUIS POTOSI - VILLA DE ARRIAGA
ALTA_MEDIA,solo_banavim,SAN LUIS POTOSI - VILLA DE GUADALUPE
ALTA_MEDIA,solo_banavim,SAN LUIS POTOSI - VILLA DE LA PAZ
ALTA_MEDIA,solo_banavim,SAN LUIS POTOSI - VILLA DE REYES
ALTA_MEDIA,solo_banavim,SAN LUIS POTOSI - VILLA JUAREZ
ALTA_MEDIA,solo_banavim,SAN LUIS POTOSI - XILITLA
ALTA_MEDIA,solo_banavim,SINALOA - AHOME
ALTA_MEDIA,solo_banavim,SINALOA - CONCORDIA
ALTA_MEDIA,solo_banavim,SINALOA - COSALA
ALTA_MEDIA,solo_banavim,SINALOA - CULIACAN
ALTA_MEDIA,solo_banavim,SINALOA - EL FUERTE
ALTA_MEDIA,solo_banavim,SINALOA - ELOTA
ALTA_MEDIA,solo_banavim,SINALOA - GUASAVE
ALTA_MEDIA,solo_banavim,SINALOA - MAZATLAN
ALTA_MEDIA,solo_banavim,SINALOA - MOCORITO
ALTA_MEDIA,solo_banavim,SINALOA - NAVOLATO
ALTA_MEDIA,solo_banavim,SINALOA - ROSARIO
ALTA_MEDIA,solo_banavim,SINALOA - SALVADOR ALVARADO
ALTA_MEDIA,solo_banavim,SINALOA - SINALOA
ALTA_MEDIA,solo_banavim,SONORA - CABORCA
ALTA_MEDIA,solo_banavim,SONORA - CAJEME
ALTA_MEDIA,solo_banavim,SONORA - HERMOSILLO
ALTA_MEDIA,solo_banavim,TABASCO - BALANCAN
ALTA_MEDIA,solo_banavim,TABASCO - CARDENAS
ALTA_MEDIA,solo_banavim,TABASCO - CENTLA
ALTA_MEDIA,solo_banavim,TABASCO - COMALCALCO
ALTA_MEDIA,solo_banavim,TABASCO - EMILIANO ZAPATA
ALTA_MEDIA,solo_banavim,TABASCO - HUIMANGUILLO
ALTA_MEDIA,solo_banavim,TABASCO - JALPA DE MENDEZ
ALTA_MEDIA,solo_banavim,TABASCO - NACAJUCA
ALTA_MEDIA,solo_banavim,TABASCO - PARAISO
ALTA_MEDIA,solo_banavim,TABASCO - TEAPA
ALTA_MEDIA,solo_banavim,TABASCO - TENOSIQUE
ALTA_MEDIA,solo_banavim,TAMAULIPAS - MATAMOROS
ALTA_MEDIA,solo_banavim,TAMAULIPAS - MIGUEL ALEMAN
ALTA_MEDIA,solo_banavim,TAMAULIPAS - PALMILLAS
ALTA_MEDIA,solo_banavim,TAMAULIPAS - REYNOSA
ALTA_MEDIA,solo_banavim,TAMAULIPAS - SAN FERNANDO
ALTA_MEDIA,solo_banavim,TAMAULIPAS - TAMPICO
ALTA_MEDIA,solo_banavim,TAMAULIPAS - VICTORIA
ALTA_MEDIA,solo_banavim,TLAXCALA - ACUAMANALA DE MIGUEL HIDALGO
ALTA_MEDIA,solo_banavim,TLAXCALA - AMAXAC DE GUERRERO
ALTA_MEDIA,solo_banavim,TLAXCALA - APETATITLAN DE ANTONIO CARVAJAL
ALTA_MEDIA,solo_banavim,TLAXCALA - APIZACO
ALTA_MEDIA,solo_banavim,TLAXCALA - ATLANGATEPEC
ALTA_MEDIA,solo_banavim,TLAXCALA - ATLTZAYANCA
ALTA_MEDIA,solo_banavim,TLAXCALA - BENITO JUAREZ
ALTA_MEDIA,solo_banavim,TLAXCALA - CALPULALPAN
ALTA_MEDIA,solo_banavim,TLAXCALA - CHIAUTEMPAN
ALTA_MEDIA,solo_banavim,TLAXCALA - CONTLA DE JUAN CUAMATZI
ALTA_MEDIA,solo_banavim,TLAXCALA - CUAXOMULCO
ALTA_MEDIA,solo_banavim,TLAXCALA - EL CARMEN TEQUEXQUITLA
ALTA_MEDIA,solo_banavim,TLAXCALA - ESPANITA
ALTA_MEDIA,solo_banavim,TLAXCALA - HUAMANTLA
ALTA_MEDIA,solo_banavim,TLAXCALA - HUEYOTLIPAN
ALTA_MEDIA,solo_banavim,TLAXCALA - IXTACUIXTLA DE MARIANO MATAMOROS
ALTA_MEDIA,solo_banavim,TLAXCALA - IXTENCO
ALTA_MEDIA,solo_banavim,TLAXCALA - LA MAGDALENA TLALTELULCO
ALTA_MEDIA,solo_banavim,TLAXCALA - MAZATECOCHCO DE JOSE MARIA MORELOS
ALTA_MEDIA,solo_banavim,TLAXCALA - MUNOZ DE DOMINGO ARENAS
ALTA_MEDIA,solo_banavim,TLAXCALA - NANACAMILPA DE MARIANO ARISTA
ALTA_MEDIA,solo_banavim,TLAXCALA - NATIVITAS
ALTA_MEDIA,solo_banavim,TLAXCALA - PANOTLA
ALTA_MEDIA,solo_banavim,TLAXCALA - PAPALOTLA DE XICOHTENCATL
ALTA_MEDIA,solo_banavim,TLAXCALA - SAN DAMIAN TEXOLOC
ALTA_MEDIA,solo_banavim,TLAXCALA - SAN FRANCISCO TETLANOHCAN
ALTA_MEDIA,solo_banavim,TLAXCALA - SAN JERONIMO ZACUALPAN
ALTA_MEDIA,solo_banavim,TLAXCALA - SAN JOSE TEACALCO
ALTA_MEDIA,solo_banavim,TLAXCALA - SAN JUAN HUACTZINCO
ALTA_MEDIA,solo_banavim,TLAXCALA - SAN LORENZO AXOCOMANITLA
ALTA_MEDIA,solo_banavim,TLAXCALA - SAN LUCAS TECOPILCO
ALTA_MEDIA,solo_banavim,TLAXCALA - SAN PABLO DEL MONTE
ALTA_MEDIA,solo_banavim,TLAXCALA - SANCTORUM DE LAZARO CARDENAS
ALTA_MEDIA,solo_banavim,TLAXCALA - SANTA ANA NOPALUCAN
ALTA_MEDIA,solo_banavim,TLAXCALA - SANTA APOLONIA TEACALCO
ALTA_MEDIA,solo_banavim,TLAXCALA - SANTA CATARINA AYOMETLA
ALTA_MEDIA,solo_banavim,TLAXCALA - SANTA CRUZ QUILEHTLA
ALTA_MEDIA,solo_banavim,TLAXCALA - SANTA CRUZ TLAXCALA
ALTA_MEDIA,solo_banavim,TLAXCALA - SANTA ISABEL XILOXOXTLA
ALTA_MEDIA,solo_banavim,TLAXCALA - TENANCINGO
ALTA_MEDIA,solo_banavim,TLAXCALA - TEOLOCHOLCO
ALTA_MEDIA,solo_banavim,TLAXCALA - TEPETITLA DE LARDIZABAL
ALTA_MEDIA,solo_banavim,TLAXCALA - TEPEYANCO
ALTA_MEDIA,solo_banavim,TLAXCALA - TERRENATE
ALTA_MEDIA,solo_banavim,TLAXCALA - TETLA DE LA SOLIDARIDAD
ALTA_MEDIA,solo_banavim,TLAXCALA - TETLATLAHUCA
ALTA_MEDIA,solo_banavim,TLAXCALA - TLAXCALA
ALTA_MEDIA,solo_banavim,TLAXCALA - TLAXCO
ALTA_MEDIA,solo_banavim,TLAXCALA - TOTOLAC
ALTA_MEDIA,solo_banavim,TLAXCALA - TZOMPANTEPEC
ALTA_MEDIA,solo_banavim,TLAXCALA - XALOZTOC
ALTA_MEDIA,solo_banavim,TLAXCALA - XALTOCAN
ALTA_MEDIA,solo_banavim,TLAXCALA - XICOHTZINCO
ALTA_MEDIA,solo_banavim,TLAXCALA - YAUHQUEMEHCAN
ALTA_MEDIA,solo_banavim,TLAXCALA - ZACATELCO
ALTA_MEDIA,solo_banavim,VERACRUZ - CITLALTEPETL
ALTA_MEDIA,solo_banavim,VERACRUZ - COATEPEC
ALTA_MEDIA,solo_banavim,VERACRUZ - COATZACOALCOS
ALTA_MEDIA,solo_banavim,VERACRUZ - COSCOMATEPEC
ALTA_MEDIA,solo_banavim,VERACRUZ - COXQUIHUI
ALTA_MEDIA,solo_banavim,VERACRUZ - EMILIANO ZAPATA
ALTA_MEDIA,solo_banavim,VERACRUZ - IXHUATLAN DE MADERO
ALTA_MEDIA,solo_banavim,VERACRUZ - MALTRATA
ALTA_MEDIA,solo_banavim,VERACRUZ - MANLIO FABIO ALTAMIRANO
ALTA_MEDIA,solo_banavim,VERACRUZ - MINATITLAN
ALTA_MEDIA,solo_banavim,VERACRUZ - NANCHITAL DE LAZARO CARDENAS DEL RIO
ALTA_MEDIA,solo_banavim,VERACRUZ - ORIZABA
ALTA_MEDIA,solo_banavim,VERACRUZ - PAJAPAN
ALTA_MEDIA,solo_banavim,VERACRUZ - POZA RICA DE HIDALGO
ALTA_MEDIA,solo_banavim,VERACRUZ - RIO BLANCO
ALTA_MEDIA,solo_banavim,VERACRUZ - SANTIAGO SOCHIAPAN
ALTA_MEDIA,solo_banavim,VERACRUZ - TANTOYUCA
ALTA_MEDIA,solo_banavim,VERACRUZ - TATAHUICAPAN DE JUAREZ
ALTA_MEDIA,solo_banavim,VERACRUZ - TEMPOAL
ALTA_MEDIA,solo_banavim,VERACRUZ - TEPETZINTLA
ALTA_MEDIA,solo_banavim,VERACRUZ - TIHUATLAN
ALTA_MEDIA,solo_banavim,VERACRUZ - TUXPAN
ALTA_MEDIA,solo_banavim,VERACRUZ - XALAPA
ALTA_MEDIA,solo_banavim,VERACRUZ - ZONGOLICA
ALTA_MEDIA,solo_banavim,VERACRUZ - ZOZOCOLCO DE HIDALGO
ALTA_MEDIA,solo_banavim,YUCATAN - ABALA
ALTA_MEDIA,solo_banavim,YUCATAN - ACANCEH
ALTA_MEDIA,solo_banavim,YUCATAN - AKIL
ALTA_MEDIA,solo_banavim,YUCATAN - BACA
ALTA_MEDIA,solo_banavim,YUCATAN - CANSAHCAB
ALTA_MEDIA,solo_banavim,YUCATAN - CANTAMAYEC
ALTA_MEDIA,solo_banavim,YUCATAN - CELESTUN
ALTA_MEDIA,solo_banavim,YUCATAN - CENOTILLO
ALTA_MEDIA,solo_banavim,YUCATAN - CHACSINKIN
ALTA_MEDIA,solo_banavim,YUCATAN - CHEMAX
ALTA_MEDIA,solo_banavim,YUCATAN - CHICHIMILA
ALTA_MEDIA,solo_banavim,YUCATAN - CHIKINDZONOT
ALTA_MEDIA,solo_banavim,YUCATAN - CONKAL
ALTA_MEDIA,solo_banavim,YUCATAN - CUNCUNUL
ALTA_MEDIA,solo_banavim,YUCATAN - CUZAMA
ALTA_MEDIA,solo_banavim,YUCATAN - DZAN
ALTA_MEDIA,solo_banavim,YUCATAN - DZIDZANTUN
ALTA_MEDIA,solo_banavim,YUCATAN - DZILAM DE BRAVO
ALTA_MEDIA,solo_banavim,YUCATAN - ESPITA
ALTA_MEDIA,solo_banavim,YUCATAN - HALACHO
ALTA_MEDIA,solo_banavim,YUCATAN - HOCABA
ALTA_MEDIA,solo_banavim,YUCATAN - HOCTUN
ALTA_MEDIA,solo_banavim,YUCATAN - HUHI
ALTA_MEDIA,solo_banavim,YUCATAN - HUNUCMA
ALTA_MEDIA,solo_banavim,YUCATAN - IZAMAL
ALTA_MEDIA,solo_banavim,YUCATAN - KANASIN
ALTA_MEDIA,solo_banavim,YUCATAN - KANTUNIL
ALTA_MEDIA,solo_banavim,YUCATAN - KINCHIL
ALTA_MEDIA,solo_banavim,YUCATAN - MAMA
ALTA_MEDIA,solo_banavim,YUCATAN - MANI
ALTA_MEDIA,solo_banavim,YUCATAN - MAXCANU
ALTA_MEDIA,solo_banavim,YUCATAN - MERIDA
ALTA_MEDIA,solo_banavim,YUCATAN - MOCOCHA
ALTA_MEDIA,solo_banavim,YUCATAN - MOTUL
ALTA_MEDIA,solo_banavim,YUCATAN - OPICHEN
ALTA_MEDIA,solo_banavim,YUCATAN - OXKUTZCAB
ALTA_MEDIA,solo_banavim,YUCATAN - PANABA
ALTA_MEDIA,solo_banavim,YUCATAN - PETO
ALTA_MEDIA,solo_banavim,YUCATAN - PROGRESO
ALTA_MEDIA,solo_banavim,YUCATAN - QUINTANA ROO
ALTA_MEDIA,solo_banavim,YUCATAN - RIO LAGARTOS
ALTA_MEDIA,solo_banavim,YUCATAN - SAMAHIL
ALTA_MEDIA,solo_banavim,YUCATAN - SANAHCAT
ALTA_MEDIA,solo_banavim,YUCATAN - SEYE
ALTA_MEDIA,solo_banavim,YUCATAN - SOTUTA
ALTA_MEDIA,solo_banavim,YUCATAN - SUMA
ALTA_MEDIA,solo_banavim,YUCATAN - TEABO
ALTA_MEDIA,solo_banavim,YUCATAN - TECOH
ALTA_MEDIA,solo_banavim,YUCATAN - TEKANTO
ALTA_MEDIA,solo_banavim,YUCATAN - TEKAX
ALTA_MEDIA,solo_banavim,YUCATAN - TEKIT
ALTA_MEDIA,solo_banavim,YUCATAN - TELCHAC PUERTO
ALTA_MEDIA,solo_banavim,YUCATAN - TEMOZON
ALTA_MEDIA,solo_banavim,YUCATAN - TICUL
ALTA_MEDIA,solo_banavim,YUCATAN - TIMUCUY
ALTA_MEDIA,solo_banavim,YUCATAN - TINUM
ALTA_MEDIA,solo_banavim,YUCATAN - TIXCACALCUPUL
ALTA_MEDIA,solo_banavim,YUCATAN - TIXKOKOB
ALTA_MEDIA,solo_banavim,YUCATAN - TIXPEHUAL
ALTA_MEDIA,solo_banavim,YUCATAN - TIZIMIN
ALTA_MEDIA,solo_banavim,YUCATAN - TZUCACAB
ALTA_MEDIA,solo_banavim,YUCATAN - UCU
ALTA_MEDIA,solo_banavim,YUCATAN - UMAN
ALTA_MEDIA,solo_banavim,YUCATAN - VALLADOLID
ALTA_MEDIA,solo_banavim,YUCATAN - XOCCHEL
ALTA_MEDIA,solo_banavim,YUCATAN - YAXCABA
ALTA_MEDIA,solo_banavim,YUCATAN - YAXKUKUL
ALTA_MEDIA,solo_banavim,ZACATECAS - APOZOL
ALTA_MEDIA,solo_banavim,ZACATECAS - BENITO JUAREZ
ALTA_MEDIA,solo_banavim,ZACATECAS - CALERA
ALTA_MEDIA,solo_banavim,ZACATECAS - CANITAS DE FELIPE PESCADOR
ALTA_MEDIA,solo_banavim,ZACATECAS - CHALCHIHUITES
ALTA_MEDIA,solo_banavim,ZACATECAS - CONCEPCION DEL ORO
ALTA_MEDIA,solo_banavim,ZACATECAS - EL SALVADOR
ALTA_MEDIA,solo_banavim,ZACATECAS - FRESNILLO
ALTA_MEDIA,solo_banavim,ZACATECAS - GENARO CODINA
ALTA_MEDIA,solo_banavim,ZACATECAS - GENERAL FRANCISCO R MURGUIA
ALTA_MEDIA,solo_banavim,ZACATECAS - GENERAL PANFILO NATERA
ALTA_MEDIA,solo_banavim,ZACATECAS - GUADALUPE
ALTA_MEDIA,solo_banavim,ZACATECAS - JALPA
ALTA_MEDIA,solo_banavim,ZACATECAS - JEREZ
ALTA_MEDIA,solo_banavim,ZACATECAS - JIMENEZ DEL TEUL
ALTA_MEDIA,solo_banavim,ZACATECAS - JUAN ALDAMA
ALTA_MEDIA,solo_banavim,ZACATECAS - JUCHIPILA
ALTA_MEDIA,solo_banavim,ZACATECAS - LORETO
ALTA_MEDIA,solo_banavim,ZACATECAS - LUIS MOYA
ALTA_MEDIA,solo_banavim,ZACATECAS - MIGUEL AUZA
ALTA_MEDIA,solo_banavim,ZACATECAS - MONTE ESCOBEDO
ALTA_MEDIA,solo_banavim,ZACATECAS - MORELOS
ALTA_MEDIA,solo_banavim,ZACATECAS - MOYAHUA DE ESTRADA
ALTA_MEDIA,solo_banavim,ZACATECAS - NOCHISTLAN DE MEJIA
ALTA_MEDIA,solo_banavim,ZACATECAS - OJOCALIENTE
ALTA_MEDIA,solo_banavim,ZACATECAS - PANUCO
ALTA_MEDIA,solo_banavim,ZACATECAS - PINOS
ALTA_MEDIA,solo_banavim,ZACATECAS - RIO GRANDE
ALTA_MEDIA,solo_banavim,ZACATECAS - SAIN ALTO
ALTA_MEDIA,solo_banavim,ZACATECAS - SANTA MARIA DE LA PAZ
ALTA_MEDIA,solo_banavim,ZACATECAS - SOMBRERETE
ALTA_MEDIA,solo_banavim,ZACATECAS - TABASCO
ALTA_MEDIA,solo_banavim,ZACATECAS - TLALTENANGO DE SANCHEZ ROMAN
ALTA_MEDIA,solo_banavim,ZACATECAS - TRANCOSO
ALTA_MEDIA,solo_banavim,ZACATECAS - VALPARAISO
ALTA_MEDIA,solo_banavim,ZACATECAS - VETAGRANDE
ALTA_MEDIA,solo_banavim,ZACATECAS - VILLA DE COS
ALTA_MEDIA,solo_banavim,ZACATECAS - VILLA GARCIA
ALTA_MEDIA,solo_banavim,ZACATECAS - VILLA GONZALEZ ORTEGA
ALTA_MEDIA,solo_banavim,ZACATECAS - VILLANUEVA
ALTA_MEDIA,solo_banavim,ZACATECAS - ZACATECAS
